first_name,last_name,email,password
Boyd,Saffon,bsaffon0@utexas.edu,LDx8iikLFw
Sisile,Harkin,sharkin1@sakura.ne.jp,dVXdgk5glOQ
Ambur,Anthon,aanthon2@omniture.com,vlI4OYTrq
Savina,Suddaby,ssuddaby3@cnbc.com,OVwxLHKd0zc
Howard,Heddon,hheddon4@phpbb.com,i1wF8T3CgA
Margarita,Toft,mtoft5@wix.com,MlvvBE
Milissent,Spuner,mspuner6@ycombinator.com,BdrJ8MW9Iam
Tye,Rattery,trattery7@kickstarter.com,Os3OkzV6OY
Perry,Casassa,pcasassa8@paginegialle.it,8YKOau
Samson,Washbrook,swashbrook9@soundcloud.com,SbvISVFe
Orazio,Buckeridge,obuckeridgea@sourceforge.net,FVSJcZNqHWm4
Rollie,Lardeur,rlardeurb@webmd.com,9G2Z9x3KanY
Duke,Kinnier,dkinnierc@surveymonkey.com,cjyIt6
Adan,Dykes,adykesd@nationalgeographic.com,jEeZIG
Kay,Rozet,krozete@chron.com,KdbObBr
Carmina,Asche,caschef@networkadvertising.org,XpF0iK2
Yank,Derill,yderillg@paginegialle.it,oodu3660YW
Etta,Rissen,erissenh@boston.com,s5a2gmZ1tww
Marcel,Langthorn,mlangthorni@omniture.com,5TsiGW3d
Margalo,Tytcomb,mtytcombj@wix.com,eloJiC
Alistair,Probey,aprobeyk@yolasite.com,z5DMme
Ileana,Say,isayl@google.cn,LzzbsVK
Audie,Saket,asaketm@wikipedia.org,sWZyuv4SSy
Sholom,Higgoe,shiggoen@ucsd.edu,R7wgKSSxzow
Hadria,Karlmann,hkarlmanno@indiatimes.com,QmVsbkDWHwf
Erasmus,Stormont,estormontp@sciencedirect.com,VArf3M3zS3
Giovanni,Slesser,gslesserq@odnoklassniki.ru,8JCjV5
Berkly,Crucitti,bcrucittir@nytimes.com,Nj1iz2rlQuS6
Ranee,Povey,rpoveys@github.io,49bHrDjsv1
Estrella,Poulton,epoultont@icq.com,2WuyBn
Marian,Lanphere,mlanphereu@ca.gov,0dSqkPtCh
Stace,Gayther,sgaytherv@merriam-webster.com,JMtxGwA2WR5
Delora,Henningham,dhenninghamw@hatena.ne.jp,4DoIh8m7YEC
Matthieu,Budgeon,mbudgeonx@state.gov,yqk3PYwJmTZ
Thedrick,Vanni,tvanniy@mozilla.org,XL30hhGcVm
Bondy,Pipe,bpipez@yahoo.co.jp,SmCpoYd0Y
Cyndy,Sawl,csawl10@instagram.com,SKWqncFlSM
Cyb,Owbridge,cowbridge11@ow.ly,ORTRRsY1Gf
Frazier,Wanless,fwanless12@parallels.com,ofPHat1ot
Emylee,Dodgshun,edodgshun13@ifeng.com,VXTZ5C
Zolly,Olland,zolland14@army.mil,KKFwh01
Antonella,Worlidge,aworlidge15@bing.com,H6etJy3DhHF
Tades,Orpwood,torpwood16@naver.com,cJ9qjUk
Bert,Abelov,babelov17@com.com,wEUBQ8w7
Doreen,Bills,dbills18@wikispaces.com,LKNOJI78
Grenville,Elletson,gelletson19@unesco.org,sjCywiM
Blinni,Brittain,bbrittain1a@japanpost.jp,BfMx0fo
Kalinda,Nutkin,knutkin1b@fotki.com,46RzwcoY
Atlanta,Jakubovits,ajakubovits1c@cbsnews.com,0ZpH3LYumi
Ethelind,Powland,epowland1d@yahoo.com,3IKdxc
Stesha,Dutchburn,sdutchburn1e@discovery.com,QHXSEPr
Nolly,Gilfether,ngilfether1f@instagram.com,sPpTPlY
Karia,Ashtonhurst,kashtonhurst1g@list-manage.com,8N1cX6xjzTnD
Thorn,Ubanks,tubanks1h@discuz.net,EDkFsk
Currey,Donativo,cdonativo1i@barnesandnoble.com,Ouu1UKC
Frankie,Mustarde,fmustarde1j@ocn.ne.jp,4h5X0W4enYK
Padgett,Paule,ppaule1k@smugmug.com,fCaPnZeb
Jard,Shrubshall,jshrubshall1l@hibu.com,rT3b0So8N
Anestassia,Summerfield,asummerfield1m@paginegialle.it,Chs8FS1B2
Ilse,Addyman,iaddyman1n@twitter.com,Ov9SjGe6zn
Delinda,Strutt,dstrutt1o@scientificamerican.com,LA4ozfHJ
Mina,Allon,mallon1p@homestead.com,4UILxHEC
Sukey,Zorzetti,szorzetti1q@yandex.ru,6atJicIgi
Chaddy,Denslow,cdenslow1r@a8.net,guanDHntQ
Obadiah,Adlington,oadlington1s@kickstarter.com,IWAjn2y
Humfried,Carefull,hcarefull1t@go.com,3G2pjX
Jeremie,Tuplin,jtuplin1u@weibo.com,4MWpuWF
Aymer,Broggini,abroggini1v@wunderground.com,qxmqwmIunIbP
Calhoun,Cribbins,ccribbins1w@constantcontact.com,bTBvWp8MiUCe
Karalynn,Antonomoli,kantonomoli1x@google.com.au,tnjyBeUtt7M6
Gabriello,Attewill,gattewill1y@xing.com,KWvtxOv
Hirsch,Carnoghan,hcarnoghan1z@scientificamerican.com,kUWgRfH5dXz6
Avictor,Geldeford,ageldeford20@illinois.edu,ijxwhi
Loella,Hebbs,lhebbs21@europa.eu,CvFPd2eoHj
Ayn,Borland,aborland22@ow.ly,oPglVP5YHqg1
Hildegaard,Coleshill,hcoleshill23@icio.us,hIr0D8MUN
Eustacia,Duligall,eduligall24@list-manage.com,QV9Zdy0
Aime,Bardsley,abardsley25@reddit.com,J938rbya0p
Karee,Dyke,kdyke26@prweb.com,BEMYBRf4vG
Starlin,Dainter,sdainter27@nba.com,GTFHiY7Mk
Rodge,Darington,rdarington28@furl.net,KrOaiJ
Miguelita,Tabbitt,mtabbitt29@squarespace.com,hdhnCwC
Lindsay,Krzysztofiak,lkrzysztofiak2a@acquirethisname.com,3NCLVx
Marjory,Longstreet,mlongstreet2b@people.com.cn,qhFRObi
Bradford,Gurge,bgurge2c@surveymonkey.com,Eb9OpCrwAiwK
Loy,Karsh,lkarsh2d@yahoo.co.jp,xqrLJ3GMSvY
Misty,Knee,mknee2e@bravesites.com,rxwQmKf3
Niall,Minard,nminard2f@timesonline.co.uk,KDREwI
Aprilette,Calles,acalles2g@nifty.com,zZygsqdU
Hamish,Nieass,hnieass2h@rakuten.co.jp,kILSrhGmk
Holmes,Presnall,hpresnall2i@eventbrite.com,MtgRANAJP
Neale,Brastead,nbrastead2j@admin.ch,e6zhSzcqccZ8
Ola,Sleit,osleit2k@quantcast.com,vhavNFKsijFt
Shawnee,Eagers,seagers2l@deviantart.com,YSZHOoZet1R
Zorine,Keighley,zkeighley2m@multiply.com,0SGo8TGZiHH
Coralyn,Rolingson,crolingson2n@plala.or.jp,zDpdLbjz
Christal,Bucktharp,cbucktharp2o@blinklist.com,nO9pWL5X
Myrna,Smees,msmees2p@sakura.ne.jp,uD5wDJV
Hermon,Keaveny,hkeaveny2q@com.com,z5sjPXDye
Valry,Enderby,venderby2r@ucoz.com,D7DlUOCcK4Cc
Robinetta,De La Coste,rdelacoste2s@cornell.edu,33a1wIbIz
Dar,Linden,dlinden2t@issuu.com,F90J4VC4QWP
Rolf,Gladdor,rgladdor2u@guardian.co.uk,54pKgHb
Maynord,Yalden,myalden2v@disqus.com,kjHvrdOHXI
Rori,Sausman,rsausman2w@cbslocal.com,vg5PfIHFmU2p
Neville,Heyfield,nheyfield2x@arizona.edu,SpzASqTNf
Eugene,Brownfield,ebrownfield2y@ucla.edu,WMctcrIME6
Che,Oakwood,coakwood2z@hao123.com,bMjpHg6u7
Aguie,Skocroft,askocroft30@zdnet.com,zf2fGYP
Eduardo,Gustus,egustus31@webs.com,P9WEr5n
Garvin,Huntingford,ghuntingford32@ovh.net,E9w2ytB
Lorette,Briztman,lbriztman33@so-net.ne.jp,KOssR6
Tiler,Kneller,tkneller34@ezinearticles.com,KpbHCqX5
Marilee,Dublin,mdublin35@discuz.net,NmmXfZb
Sauncho,Westbury,swestbury36@google.com,ql0oOD5pRoo
Norina,Fahey,nfahey37@desdev.cn,fPJkJZV2b
Sheridan,Larvin,slarvin38@cisco.com,lFWBQr0a6
Reggie,MacKegg,rmackegg39@paginegialle.it,M8c9GEm9
Eada,Lavelle,elavelle3a@pcworld.com,VK69lkImz
Ashlen,Farahar,afarahar3b@networksolutions.com,PjPdhVhEl1B
Rockwell,Gerold,rgerold3c@epa.gov,eTRQjm3BAz
Leann,Hukins,lhukins3d@theguardian.com,Q9xQZlzV
Issi,Stang-Gjertsen,istanggjertsen3e@youtu.be,KrFRVLN
Illa,Grangier,igrangier3f@oakley.com,R7qQbE2M3e8A
Jonie,Finicj,jfinicj3g@craigslist.org,pl5stO
Agathe,Duffyn,aduffyn3h@amazonaws.com,nLiOT4G
Mabelle,Geroldi,mgeroldi3i@house.gov,Gur9Kfdq
Myra,Romanin,mromanin3j@comcast.net,Mh8u0LryYM
Ase,Rivelin,arivelin3k@prnewswire.com,VzDBUIq9PH
Celine,Kingstne,ckingstne3l@posterous.com,5nsB0zdhs
Arlan,Verson,averson3m@arstechnica.com,JkxdVGkfar
Teresita,Gallaher,tgallaher3n@ocn.ne.jp,TpHcU9pQl
Ansley,Birchenough,abirchenough3o@google.com.hk,kZ5Ly5HP
Meagan,Leighfield,mleighfield3p@sciencedaily.com,f96hAVi5a50
Sancho,Baldery,sbaldery3q@flavors.me,f3U7iVkh4uUe
Gunilla,Bircher,gbircher3r@ihg.com,ZB9UaQwxd
Ky,Arnolds,karnolds3s@sciencedirect.com,Qy6OH84a
Rudolph,Borland,rborland3t@craigslist.org,zOqfzrYBBsp
Fowler,Lattos,flattos3u@csmonitor.com,wXoy42VKnX
Zorina,MacNamara,zmacnamara3v@ning.com,Qj9Cz25xKdx1
Matthew,Raise,mraise3w@seesaa.net,ZhjbZR
Dianne,McKellen,dmckellen3x@addtoany.com,qZOOShO2
Arvy,Winfindine,awinfindine3y@google.it,HajiIsF4AwS6
Angelico,Caccavella,acaccavella3z@msn.com,xXTheW
Glory,Prester,gprester40@xinhuanet.com,ICfShszeuJ
Winny,Duns,wduns41@sina.com.cn,FYQblhc6TZx5
Dotty,Philipps,dphilipps42@google.ru,wQAz8SO95
Tony,Dinley,tdinley43@latimes.com,P3kzPS
Kendricks,O'Hanley,kohanley44@arizona.edu,ABRhBCvD70PZ
Kelcey,Dewicke,kdewicke45@theglobeandmail.com,ST4eBbsT
Libby,Date,ldate46@51.la,f2tknj
Drusie,Bartol,dbartol47@economist.com,qq7gShwAg
Henka,Rousby,hrousby48@wsj.com,E2sTE31X8t
Marillin,Tregenna,mtregenna49@dailymail.co.uk,vUKG9MZIm46c
Celka,Ambler,cambler4a@yandex.ru,bbIKbs9p
Thomasine,Lingley,tlingley4b@ameblo.jp,tOQ2kz7mkUmz
Sacha,Drohan,sdrohan4c@tumblr.com,LJzrOr3k
Claresta,Fearnill,cfearnill4d@delicious.com,3BttyLLrjf
Evangelia,Borland,eborland4e@cargocollective.com,vKQdrD9oj1op
Risa,Coad,rcoad4f@cocolog-nifty.com,QAjY3A
Velma,Folli,vfolli4g@kickstarter.com,aW2MKyIDOQ
Dolley,Migheli,dmigheli4h@a8.net,lGxF6bVTRZ0
Scarlett,Soall,ssoall4i@comcast.net,4YsL4DXfmKE
Cherry,Maidlow,cmaidlow4j@addthis.com,r3glW0
Mariette,McMennum,mmcmennum4k@goo.gl,xMcIb7pLk8Z
Alayne,Saffle,asaffle4l@boston.com,gHTkAlh
Orville,Medler,omedler4m@edublogs.org,xGNFGYwUc
Priscilla,Ladon,pladon4n@nps.gov,awCX9NyFv
Nichols,Hardin,nhardin4o@springer.com,PiIFNZJZnMR7
Andreana,Giorgini,agiorgini4p@cbslocal.com,xKeiVyCsOGl
Marve,Coslett,mcoslett4q@multiply.com,VG30QFb
Trish,Hovard,thovard4r@example.com,aHpXaIsc
Corinna,Gilbane,cgilbane4s@blinklist.com,pM8Xeh
Alisun,Collen,acollen4t@mac.com,mJjNEWzASdp3
Glenine,Lamerton,glamerton4u@xing.com,8Jb8GqwJnZL
Dacy,Spore,dspore4v@gravatar.com,CAbnQHVcsJ
Leah,Bunyan,lbunyan4w@parallels.com,GThb5sU
Gizela,Condell,gcondell4x@europa.eu,zJjUHFM
Amitie,Gianneschi,agianneschi4y@nationalgeographic.com,LDg3bGobuKZ2
Robyn,Stovold,rstovold4z@ycombinator.com,oJNV5O
Elana,Tilio,etilio50@drupal.org,qQv3ijup
Selie,Gregoli,sgregoli51@nydailynews.com,atDOvBra
Edi,Whaites,ewhaites52@ovh.net,RrAD0iZ0R
Myriam,Voss,mvoss53@nifty.com,dgpvSRzHvm
Darsie,Bartlomiejczyk,dbartlomiejczyk54@cmu.edu,kR6tcEjC
Arabel,Tiler,atiler55@wp.com,dihKsgww88
Dodi,Itzhaki,ditzhaki56@psu.edu,S8ZtxsWl
Maurice,Durnin,mdurnin57@cbsnews.com,7YcdeOT2HcNI
Desirae,Muldrew,dmuldrew58@ovh.net,NoMNArQVJ
Benjy,Sperling,bsperling59@salon.com,5FL2EaH3Fq
Read,McIlhagga,rmcilhagga5a@wunderground.com,QYkYskEoUpoO
Faustine,MacAdie,fmacadie5b@techcrunch.com,7btjrrzIei9
Sergent,Cawthery,scawthery5c@nifty.com,0czDDp
Horatio,Berston,hberston5d@typepad.com,l6gwKpMnMQjF
Merla,Costello,mcostello5e@washingtonpost.com,991gNccUR
Lara,Spivey,lspivey5f@google.nl,BPlGfwT
Mikol,Wrassell,mwrassell5g@marriott.com,yeZBBilKyp
Billie,Pinckney,bpinckney5h@wikimedia.org,URz5mg86
Randolf,Beeck,rbeeck5i@techcrunch.com,cPqXK10
Joice,Forsythe,jforsythe5j@accuweather.com,uZlTKoxWuA
Alexa,McKenna,amckenna5k@webs.com,Cm58ZLZJ5l9J
Reilly,Streader,rstreader5l@yale.edu,Kc02z7Dse8
Des,Marikhin,dmarikhin5m@zimbio.com,jZBGVKFov
Winslow,Blois,wblois5n@biblegateway.com,5gJnAUCOD
Aimee,Adkin,aadkin5o@jigsy.com,482RwP
Norine,Greenaway,ngreenaway5p@mashable.com,SlQw49N7W
Hamilton,Maddison,hmaddison5q@homestead.com,KNfVUMaq
Harriot,Emeny,hemeny5r@fda.gov,WGt45JW
Cindie,O'Shiel,coshiel5s@epa.gov,FksSGgoE
Libbi,Teather,lteather5t@opera.com,rOcD8rI
Karina,McPhilemy,kmcphilemy5u@networkadvertising.org,EEr1ZbL
Zorana,Fratczak,zfratczak5v@cafepress.com,C0w7X1NRi
Care,Ennever,cennever5w@sitemeter.com,MRolweYUB
Obadiah,Machent,omachent5x@photobucket.com,XBxFXlG6w6fk
Genia,Nisen,gnisen5y@eepurl.com,DLIo253BOQ3o
Kingston,Eck,keck5z@qq.com,loBVBX2
Kelby,Gibbe,kgibbe60@e-recht24.de,MqK5WniJ
Ursula,Watt,uwatt61@msu.edu,UMzHU6rdd
Karon,Meletti,kmeletti62@woothemes.com,3bVBOHA4XE
Lissa,Thieme,lthieme63@netscape.com,hqO8c30VUh9
Marlo,Giffaut,mgiffaut64@de.vu,S5FMzdk
Regan,Thiem,rthiem65@wikimedia.org,cEiftWBG0g
Lowell,Rowth,lrowth66@princeton.edu,n4UcFyu2ItSf
Cara,Aldrich,caldrich67@skype.com,1lLnbP
Dennison,Lauks,dlauks68@vkontakte.ru,D4ugxk
Farly,Roisen,froisen69@usatoday.com,vbzHgC
Dania,Kretchmer,dkretchmer6a@businessinsider.com,nGfHMx
Fredrick,Grotty,fgrotty6b@mtv.com,Gxl4OnfKz
Rosabelle,O'Gready,rogready6c@samsung.com,9l3iF8DL
Bjorn,Cleaton,bcleaton6d@163.com,lUq7uBO0Gpn
Joella,Dominique,jdominique6e@constantcontact.com,FUasbvXoI5tf
Giana,Fettis,gfettis6f@europa.eu,boXtSJt9
Malory,Pavy,mpavy6g@va.gov,GUt0Tzur
Jody,Flacknoe,jflacknoe6h@alexa.com,O7SV8t
Latrena,Jefferson,ljefferson6i@joomla.org,wWyQvwE
Gwendolin,Loughhead,gloughhead6j@netvibes.com,0Xd8JEdZK
Aurore,Tellenbroker,atellenbroker6k@sakura.ne.jp,NhBD0lHZb7aR
Byrann,Fatharly,bfatharly6l@xrea.com,ECtpPMdOn
Lelah,Mathieu,lmathieu6m@hc360.com,BdcxOzB
Dela,Benfield,dbenfield6n@oakley.com,S4fHBZksbL
Yardley,Gregory,ygregory6o@wikimedia.org,rfJB31
Emeline,Goldes,egoldes6p@wiley.com,Q4lW9sZIl
Marni,Brendeke,mbrendeke6q@cocolog-nifty.com,EPCiHfDr4
Lyssa,Jurges,ljurges6r@ftc.gov,uxOLqEIXmQq7
Pauletta,Kelson,pkelson6s@kickstarter.com,afmjkNenu
Lowell,Trevenu,ltrevenu6t@dion.ne.jp,srlB1QbVzQ
Rheba,Pinnegar,rpinnegar6u@dedecms.com,Hm7UV7kJXQc
Corrie,Killen,ckillen6v@51.la,5dhFxm
Reggy,Poznanski,rpoznanski6w@jiathis.com,QXEKFNqc
Corri,Harriman,charriman6x@prlog.org,l88ynXcAH5vt
Leslie,Masham,lmasham6y@sakura.ne.jp,Yseh3j4KFN9
Winnah,Streeton,wstreeton6z@ibm.com,owQrbqX
Abba,Fairburne,afairburne70@netvibes.com,0jDQlFN
Rutherford,Laurie,rlaurie71@plala.or.jp,K7F3Rq
Marti,Girth,mgirth72@youtu.be,GgTJjjh
Sarine,Lorentzen,slorentzen73@phpbb.com,qQ1I2wtQ
Bertie,Crosetti,bcrosetti74@latimes.com,pCigL5jHcy5
Anselma,Parlatt,aparlatt75@hhs.gov,yOwejNM
Hagan,Readwood,hreadwood76@istockphoto.com,hKqN5OI1
Dee,Dominick,ddominick77@baidu.com,NV2Sb4XCAt
Jason,Pletts,jpletts78@google.cn,0ldix1zNg
Vin,Cheshire,vcheshire79@cloudflare.com,BehGzO9jh
Lesli,Besson,lbesson7a@yellowbook.com,IkROyolRXTCH
Odella,Dhillon,odhillon7b@amazon.com,P4W5M2Ds
Willy,Albertson,walbertson7c@odnoklassniki.ru,GguNzhU3t
Cortney,Knowlden,cknowlden7d@liveinternet.ru,qbO2NDnpOl6
Hailey,Marmion,hmarmion7e@washington.edu,NMMEROvDUC
Emelda,Warwicker,ewarwicker7f@issuu.com,ByBVltt7b
Gale,Girth,ggirth7g@gravatar.com,cz9K68oK
Cordi,Dudderidge,cdudderidge7h@usatoday.com,sQ0IykhX
Tandi,Millott,tmillott7i@fastcompany.com,USNe3R8
Meggy,Charte,mcharte7j@xrea.com,gAJCNlHKo8uL
Hedda,Collelton,hcollelton7k@google.pl,RMyMkZLk
Ingar,Crips,icrips7l@jugem.jp,IGlBqaut8a0
Court,Lambourne,clambourne7m@cdbaby.com,QooEVa1eghe
Renaud,Rossant,rrossant7n@1688.com,7aeuZK
Paolo,Easseby,peasseby7o@omniture.com,d6t46ZhVMP5x
Cyndi,McCrackem,cmccrackem7p@so-net.ne.jp,7ec2Qlui4
Michell,Towson,mtowson7q@arizona.edu,V9H8FueC
Jamal,Hurley,jhurley7r@arizona.edu,QMHvpuRI
Connie,Scone,cscone7s@dyndns.org,6MWvUar
Belle,Orrocks,borrocks7t@uiuc.edu,o9bNYqCZGw
Archer,Trowl,atrowl7u@stumbleupon.com,6iHB2irF
Teresa,Thorndale,tthorndale7v@narod.ru,1F0XoQI
Ted,Martynka,tmartynka7w@tripadvisor.com,Zw6tZPifSPJd
Sauveur,Parlour,sparlour7x@w3.org,XpFYw60bCP
Roldan,Claye,rclaye7y@mayoclinic.com,9tEyzXB
Brinn,Thornally,bthornally7z@edublogs.org,B9oqqtlwTN
Melosa,Boxer,mboxer80@twitter.com,qIg8CG4
Gaylord,Surphliss,gsurphliss81@weibo.com,F80XKxj9t
Daile,Gellion,dgellion82@jalbum.net,Gb9QN2xTP
Dacia,Kruszelnicki,dkruszelnicki83@hp.com,0tll580
Thain,Kuhndel,tkuhndel84@jugem.jp,yCrX6I6z8I
Cyndi,Clayhill,cclayhill85@amazon.com,NvKXseB2B
Reyna,Marden,rmarden86@nih.gov,7G7JFdfobDgk
Elton,Geale,egeale87@washington.edu,bSZ8GBslrO36
Tybi,Tomich,ttomich88@omniture.com,XgzXk6c4UnXL
Katharine,Denizet,kdenizet89@soundcloud.com,ddtn23Ag03
Meredeth,Trustie,mtrustie8a@delicious.com,M30bInDx
Clarence,Kubal,ckubal8b@washington.edu,U2LTpyp5afS
Mersey,Sparke,msparke8c@ning.com,tmGyr8Glc
Dov,Bingley,dbingley8d@upenn.edu,ZbtJmOz
Mathian,Bound,mbound8e@linkedin.com,tjuJdGt
Siffre,Kilmurry,skilmurry8f@hubpages.com,gOvBWL
Felicio,Teager,fteager8g@indiegogo.com,Af7wGmqsnue8
Ramsay,Ainscough,rainscough8h@boston.com,1QFPsLjdjzel
Faulkner,Paull,fpaull8i@phoca.cz,5LtiKdNBS
Robbie,Rendle,rrendle8j@buzzfeed.com,V5oExzoH4U
Sanford,Chopping,schopping8k@jimdo.com,qI5bVterP
Janela,McCarrick,jmccarrick8l@creativecommons.org,u7AhwVgwu3K
Esme,Cockarill,ecockarill8m@hp.com,EVgiFqY6NzQ
Clemens,Blaes,cblaes8n@clickbank.net,oRvH5UYUs
Aguie,Jell,ajell8o@huffingtonpost.com,RUmN02c
Jules,Messenbird,jmessenbird8p@psu.edu,45ZvFoEIP4BZ
Trace,Haugg,thaugg8q@etsy.com,TqIDIzTJRgF
Ravid,Sisley,rsisley8r@webnode.com,aQVlAey
Jermain,Beneix,jbeneix8s@ifeng.com,xO0Vd33Mjx
Christyna,Karpfen,ckarpfen8t@narod.ru,utsCxekIzL9Y
Ally,Durman,adurman8u@trellian.com,qijWACkf6P2
Rutger,Larkins,rlarkins8v@npr.org,fTc0jq3F
Ned,Paddington,npaddington8w@sogou.com,vftWxWith
Burty,Frosch,bfrosch8x@domainmarket.com,cbAQQzZ93a
Lavina,Deniskevich,ldeniskevich8y@webs.com,wioYTFm
Mata,McCafferky,mmccafferky8z@123-reg.co.uk,Afcpy9
Fields,Follin,ffollin90@amazonaws.com,CCffYKSX4
Hurleigh,Izsak,hizsak91@cloudflare.com,UQkSJ0
Charles,Erik,cerik92@cnn.com,LCaTYJJ
Sasha,Trevett,strevett93@whitehouse.gov,d6ezz1
Leese,Gras,lgras94@moonfruit.com,zOC2uZXF
Filmore,Whatman,fwhatman95@nbcnews.com,nTrqDW3SI
Margalo,Powers,mpowers96@vinaora.com,xqMivaRyu4G7
Cirillo,Dobrovolny,cdobrovolny97@ca.gov,ipFm4MGJ3m
Cristie,Charlet,ccharlet98@networkadvertising.org,AwCIPtWMk
Janetta,Habberjam,jhabberjam99@redcross.org,SEkNoOdj7nl
Valida,Berrick,vberrick9a@bizjournals.com,aplL5inj
Lanie,McFarlane,lmcfarlane9b@istockphoto.com,NVrUDMtEz
Kristofer,Mudie,kmudie9c@devhub.com,m465ImW
Kelly,Rouff,krouff9d@dagondesign.com,lyHybbgpV
Konrad,Downgate,kdowngate9e@wikimedia.org,Ibfys5
Javier,de Cullip,jdecullip9f@cyberchimps.com,Hi1Yl9zgliQ
Zachary,Platt,zplatt9g@phoca.cz,HjfyLHvUDEy
Fifine,McAirt,fmcairt9h@discuz.net,nfxYfdG6yLLe
Ceciley,Flowers,cflowers9i@biglobe.ne.jp,QeHAPtrgq5uW
Adelheid,Ivanishev,aivanishev9j@csmonitor.com,U8ucQVfLI
Maisey,Heigho,mheigho9k@examiner.com,h58tcknHg
Phyllis,Boggon,pboggon9l@blogger.com,K7PThBxD5I5d
Clemens,Cayford,ccayford9m@elegantthemes.com,ZYmym0UQb
Porter,Poulney,ppoulney9n@ask.com,I7YLjfwfKA
Kristan,Pudsall,kpudsall9o@scribd.com,0u6cqvce
Max,Keneleyside,mkeneleyside9p@opensource.org,VQy8N7
Vern,Cudde,vcudde9q@about.com,efXQ6o
Christen,Licciardo,clicciardo9r@com.com,6NtehPh
Neddie,Griffithe,ngriffithe9s@slashdot.org,1Fs5rG
Timofei,Rickerby,trickerby9t@latimes.com,1QgDsM
Mischa,Sprowson,msprowson9u@jiathis.com,s6F0dxktX
Jacynth,Eakley,jeakley9v@purevolume.com,SxeCdiweS
Tiena,Greenhowe,tgreenhowe9w@irs.gov,1ZBcA4jP
Tamera,Favela,tfavela9x@japanpost.jp,OIF7G07Us4Hg
Woody,Remmers,wremmers9y@mozilla.com,kDva6sL
Marjie,Orknay,morknay9z@4shared.com,9qvZxNktfQN
Ailis,Mill,amilla0@craigslist.org,5ro4QSo27
Ninnette,Huggard,nhuggarda1@microsoft.com,0eHBjW37FY
Chanda,Bulfoot,cbulfoota2@delicious.com,q53N3mfnR
Myles,Hails,mhailsa3@dyndns.org,htMgG1jnGG
Abbey,Hartford,ahartforda4@nymag.com,ETUNjQ
Hayes,Brattell,hbrattella5@vkontakte.ru,6oDeUPKJM7f
Eada,Gounin,egounina6@examiner.com,f50Q3ui6
Benjy,Mountney,bmountneya7@nymag.com,FK6j4QKRi
Eugenie,Wattins,ewattinsa8@theglobeandmail.com,mLPRatr
Win,Rayne,wraynea9@amazonaws.com,YKQyw6vH
Delilah,MacMillan,dmacmillanaa@ft.com,3aZg5oFux7
Caria,Ickovici,cickoviciab@scribd.com,MI8U2qV3
Shalom,Clewlow,sclewlowac@spiegel.de,otHqpm87OD
Justen,Tarling,jtarlingad@comsenz.com,Vfh0ErSq8B
Reade,Keyworth,rkeyworthae@oakley.com,PueRHmQWcFs
Rania,Issard,rissardaf@eventbrite.com,ZA14Rmdi1QO
Elmira,Finder,efinderag@sphinn.com,BO7nTB
Anni,Lowson,alowsonah@goo.ne.jp,xR8zkgFssM
Kyla,Wagge,kwaggeai@blogtalkradio.com,nYteGimCcQ
Alastair,Vaadeland,avaadelandaj@simplemachines.org,cOkCUJ2X7GsO
Barclay,Bovingdon,bbovingdonak@sourceforge.net,AWDHr780LN0f
Felisha,Roseblade,frosebladeal@techcrunch.com,LwNbiJ
Lacey,Tume,ltumeam@geocities.com,Ae9136
Fransisco,Lyven,flyvenan@usgs.gov,DzbeLvUMvUg
Darrel,McCroft,dmccroftao@ycombinator.com,ffilk1PdcF
Aileen,Grummitt,agrummittap@discuz.net,vwWR719bwf
Michael,Gully,mgullyaq@thetimes.co.uk,HnJIWTSV
Gill,Sayward,gsaywardar@oaic.gov.au,xz7hX0Yp
Wally,Wrettum,wwrettumas@ftc.gov,Qh89Y5
Conchita,Lawee,claweeat@unblog.fr,8ZHoAiSqnv
Mellisent,Carrett,mcarrettau@epa.gov,yb7Eumv4ag
Aube,O'Sirin,aosirinav@networkadvertising.org,hgtFg3o9T4Wo
Fernandina,Dannell,fdannellaw@phoca.cz,SobFHiz3c
Nikaniki,Lay,nlayax@washingtonpost.com,UCZa2msBYO
Deane,Edie,dedieay@nature.com,G9vZVhvMOFdG
Ilyse,Murrthum,imurrthumaz@devhub.com,Z1TkSsERP1wY
Ferne,Lennarde,flennardeb0@tiny.cc,tcNwYY3VgwM
Carlos,Thiolier,cthiolierb1@whitehouse.gov,bTA705
Alexis,Hawlgarth,ahawlgarthb2@unicef.org,I42B5324g
Ulrich,Creese,ucreeseb3@opensource.org,4zZomoX8
Adolpho,Lemarie,alemarieb4@lycos.com,ecby7t6qzK
Giffy,Stellin,gstellinb5@ovh.net,ZVWzY5d
Theresina,Wind,twindb6@stumbleupon.com,RRknFOx9Cai
Costa,Jahns,cjahnsb7@networksolutions.com,tqLzPn8qoiQ
Rona,Stein,rsteinb8@mozilla.org,3V3EjuHyL
Port,Kimmel,pkimmelb9@usnews.com,qN3GwZy5S
Tamiko,Aberdalgy,taberdalgyba@tumblr.com,PglcYwM7Xi
Veda,Laval,vlavalbb@cdc.gov,FKSwtZ
Colver,Venneur,cvenneurbc@elpais.com,3zu6Fj
Luke,Flatman,lflatmanbd@redcross.org,tmHKnKlFY
Candace,Pressland,cpresslandbe@tripadvisor.com,zbMOADn
Butch,Sirman,bsirmanbf@mysql.com,KJ1GrRCkv5p
Lauryn,Rudinger,lrudingerbg@oaic.gov.au,ctd0dq8sO
Alon,Cradock,acradockbh@princeton.edu,x8kC4eN1mjhJ
Bernadina,Ollie,bolliebi@constantcontact.com,2Mn0ooEvEc4
Thomas,Isham,tishambj@hubpages.com,hG9S4mz
Terese,Margett,tmargettbk@noaa.gov,y5w4rMPzvmP
Rafaelita,Cauldfield,rcauldfieldbl@surveymonkey.com,uNIWbfH
Dalenna,Da Costa,ddacostabm@tripadvisor.com,JMg2Xir
Trula,Avon,tavonbn@smh.com.au,mkiKN0u
Harv,Cosins,hcosinsbo@de.vu,8q2ceFVXf
Even,Beagin,ebeaginbp@epa.gov,cBwKw6npFivb
Oralle,Whewell,owhewellbq@360.cn,IdjMGE
Lars,Pomeroy,lpomeroybr@barnesandnoble.com,Ykx0e5ouUZH
Susanne,Farrens,sfarrensbs@hc360.com,dbF8qx8N0U
Aleta,Leeman,aleemanbt@pinterest.com,e3oMIV
Leonore,Roblou,lrobloubu@imageshack.us,34B4WLG8GYX
Mersey,Grimmert,mgrimmertbv@nps.gov,nUd68W
Avivah,Uttley,auttleybw@foxnews.com,WgNOCYo8
Carmelle,Yanyushkin,cyanyushkinbx@csmonitor.com,Dn7GCO7GEj
Oriana,Blacker,oblackerby@usatoday.com,5jPeICdP
Giffy,Asey,gaseybz@newsvine.com,wnzNk66
Philipa,Bertin,pbertinc0@mapquest.com,053aRVucBwtk
Beth,Muslim,bmuslimc1@desdev.cn,dHYEltCkc
Fernanda,Doxsey,fdoxseyc2@hatena.ne.jp,JSoiU2Gtd8O
Lee,Willbraham,lwillbrahamc3@salon.com,d411jVgZ
Janine,Chastan,jchastanc4@bloomberg.com,oIF6lNAx
Helenelizabeth,Abry,habryc5@cmu.edu,TWcxswAOaq
Cate,Clemanceau,cclemanceauc6@gov.uk,Oi5SgkY
Fran,Baxster,fbaxsterc7@prnewswire.com,cQs2g9dD
Lanie,Maharg,lmahargc8@cocolog-nifty.com,MKCHTnq
Tandie,Schnieder,tschniederc9@nationalgeographic.com,GONMQiV
Kathie,Dodell,kdodellca@uiuc.edu,LBBtyGK
Dennet,Sallnow,dsallnowcb@imdb.com,trJyimUG
Elroy,McGeffen,emcgeffencc@indiegogo.com,JuWl1WZA
Avram,Gabel,agabelcd@freewebs.com,xyi0ji1Dwt
Leslie,Bambrugh,lbambrughce@slashdot.org,enh9qZ
Sibylla,Maccaig,smaccaigcf@wikipedia.org,Gbr823R
Cordi,Piggens,cpiggenscg@ning.com,npNZTCGnD
Olivette,Connor,oconnorch@samsung.com,HpzRbVp
Karalynn,Otter,kotterci@comcast.net,AMbRrN5SQBVz
Jacinda,Plomer,jplomercj@cargocollective.com,9PLTFVY7y
Burty,Southern,bsouthernck@si.edu,KvzkEj
Bing,Paramor,bparamorcl@360.cn,8JvbqmSF
Sisile,Galliver,sgallivercm@w3.org,h0t9u9g3M
Adrianne,Face,afacecn@ycombinator.com,mO2rpA
Leodora,Du Hamel,lduhamelco@xrea.com,yjFHrWn
Marcellus,Kiezler,mkiezlercp@list-manage.com,D6v5Ru
Amandy,Cockayme,acockaymecq@bigcartel.com,RNBYasU
Rob,Brewse,rbrewsecr@huffingtonpost.com,JyFrYR6IxxDZ
Hunt,Howels,hhowelscs@purevolume.com,m1EXVhLwSfp
Neville,Pleming,nplemingct@symantec.com,ytOCSK2Sv624
Nick,Floweth,nflowethcu@reverbnation.com,q0yVCP5
Lorrayne,Paule,lpaulecv@lulu.com,RYZEACxxf
Orazio,Waldie,owaldiecw@chicagotribune.com,dYxHGy3
Carolus,Harmour,charmourcx@ftc.gov,3uBdW56lFd
Harriot,Goward,hgowardcy@trellian.com,V9b3BQ8u5
Frederigo,Dumblton,fdumbltoncz@mayoclinic.com,63bUBzSr
Tait,Lies,tliesd0@discovery.com,x5Q0ZdPjAA
Hoyt,Jope,hjoped1@netscape.com,WT3qNemab
Wilmar,Champniss,wchampnissd2@wp.com,LAgO2N
Ardenia,Dawid,adawidd3@youtube.com,VeehLuUouc
Albina,Fieldhouse,afieldhoused4@berkeley.edu,QzA53QVldwoZ
Dotti,Lamperd,dlamperdd5@wikia.com,ZrN24dI
Bard,Pitrelli,bpitrellid6@imageshack.us,d9c2XFDacFTg
Rollins,Terbeck,rterbeckd7@alibaba.com,RtJ7BwCCn
Dael,Evert,devertd8@miitbeian.gov.cn,8yGj7vMx
Brittne,Maffei,bmaffeid9@xing.com,DwuHdov
Lilla,Nottingham,lnottinghamda@hp.com,hNAHCQe
Farly,Ragsdall,fragsdalldb@studiopress.com,nO4T6L0
Nancie,Ditter,nditterdc@redcross.org,tvkPr5
Orelle,Wannan,owannandd@shinystat.com,Vn5oyLZkUQZ
Marinna,Latan,mlatande@intel.com,erYh3x5fz2QP
Jessee,Matteau,jmatteaudf@skype.com,ZL853h2nf
Obadias,Thewless,othewlessdg@phpbb.com,4v7Rqq9Yf
Vita,Monument,vmonumentdh@hud.gov,Pqp8R0D7Y
Cooper,Geator,cgeatordi@wordpress.org,dUJuGR2
Nichols,Andrich,nandrichdj@example.com,8mDfVDnKIq
Jaquelin,Redler,jredlerdk@blogspot.com,0ryR7L
Yuri,Plester,yplesterdl@shinystat.com,qv6CNPlev
Cassondra,Grinham,cgrinhamdm@biglobe.ne.jp,JMRFroB3
Annadiane,Pietasch,apietaschdn@technorati.com,yGikVpkEFO16
Pollyanna,Guerrazzi,pguerrazzido@blinklist.com,SS4TQ0wdt
Jammie,Cockran,jcockrandp@altervista.org,AAmH3cm
Sibeal,Sinkings,ssinkingsdq@photobucket.com,beF3eck
Cornelle,Harner,charnerdr@shareasale.com,L8fQR0
Dodie,Chisnall,dchisnallds@comcast.net,qrMcjnXi
Brier,Bailiss,bbailissdt@ameblo.jp,jCRLJ8iBoc
Tristam,Maydwell,tmaydwelldu@ft.com,cRNx2MaN6k
Patti,Cullen,pcullendv@sohu.com,xQKhz52OZo
Walker,Innes,winnesdw@cmu.edu,jp3FpSPuqj
Salomon,Romaine,sromainedx@stanford.edu,MsWDCM0A6TP
Rickie,Colleymore,rcolleymoredy@mail.ru,m3Kz6tfqjQ
Marijn,Yakuntsov,myakuntsovdz@nifty.com,pASZNAAdvl
Rafi,Anster,ranstere0@simplemachines.org,WLE2ytmu
Margret,Guyonneau,mguyonneaue1@xinhuanet.com,JTSW8v
Miguelita,Bohlens,mbohlense2@nih.gov,z2wxmDHBPp
Jere,July,jjulye3@apple.com,xHNYBezIu7
Roderigo,Bowart,rbowarte4@wikipedia.org,8v64uqT
Gage,Beauly,gbeaulye5@economist.com,R4cFckM
Jeanette,Woolaghan,jwoolaghane6@illinois.edu,W71faM1KdIKT
Chrissie,Penwell,cpenwelle7@posterous.com,nLjzLAz416
Therese,Truggian,ttruggiane8@cargocollective.com,o0TwqR8p
Dorthy,Blanchet,dblanchete9@ezinearticles.com,F7HBJYouxuQ
Augustus,Cosser,acosserea@vinaora.com,C44CcaCSGl9r
Ferdinand,Geertje,fgeertjeeb@chicagotribune.com,GeaYsh9ftMUO
Doug,Spruce,dspruceec@xrea.com,zvnrugC
Monika,Fresson,mfressoned@time.com,xXocpd
Jeana,McGrouther,jmcgroutheree@issuu.com,1eU2lR
Kahlil,Limer,klimeref@mashable.com,CzERvCHQZS
Maurise,Shatliffe,mshatliffeeg@homestead.com,6jXVjTh
Stavros,Massinger,smassingereh@baidu.com,tMahvlpHwrAp
Liana,Batrick,lbatrickei@nih.gov,bAaVxj2MX
Jesselyn,Quadling,jquadlingej@illinois.edu,6FZE8Kx
Carole,Bakesef,cbakesefek@sciencedirect.com,ETxmUu
Kamila,Terbruggen,kterbruggenel@people.com.cn,rhmumwoER7
Tucky,Van Eeden,tvaneedenem@lulu.com,HE14BgHH0LW
Delmer,Bryns,dbrynsen@chronoengine.com,CkWpxbG4J
Seth,Alabastar,salabastareo@cpanel.net,X2y32deYop
Christoffer,Portam,cportamep@netlog.com,KKA4xLdPKfr
Kirstin,Mc Giffin,kmcgiffineq@nature.com,D2fJNaJx7SPT
Corie,Miles,cmileser@washingtonpost.com,gZ6xrqvaSfW
Cull,Kirvin,ckirvines@photobucket.com,NqkNVIaLDn
Blondell,Leask,bleasket@webeden.co.uk,3kb9XQ3sO4
Kirsteni,Adamsky,kadamskyeu@amazon.com,ALPyXI1gtql
Leonanie,Newbold,lnewboldev@mapy.cz,E1WKLN
Blayne,Kelloch,bkellochew@hhs.gov,DVOvEmn4nRZ3
Daryn,Maidstone,dmaidstoneex@webs.com,t9qGoACOvv
Alison,Horsefield,ahorsefieldey@squarespace.com,ZPS7GZNR6
Theresita,Osgorby,tosgorbyez@usgs.gov,Vl2Dkc
Trudi,Elie,telief0@java.com,2UW2RM
Charmain,Haggus,chaggusf1@hatena.ne.jp,9trypFH
Binnie,Schiersch,bschierschf2@gnu.org,Mz9US08S
Bo,Muggleston,bmugglestonf3@barnesandnoble.com,gclJ6YLt
Derwin,Walsh,dwalshf4@washington.edu,tNIaLWHRUZk1
Rik,Fant,rfantf5@hp.com,WUiDYc
Winfred,Kingzett,wkingzettf6@cocolog-nifty.com,WLl5nXEQfT
Druci,Hush,dhushf7@blogger.com,ex2Uj9n
Alfi,Langham,alanghamf8@huffingtonpost.com,FxTWiHW
Romeo,Cobello,rcobellof9@1und1.de,kw75Rtyql6a
Erina,Dalley,edalleyfa@reverbnation.com,bdhZQA08M1aR
Ardisj,Vales,avalesfb@networkadvertising.org,jvJlegcbz
Brenna,McNellis,bmcnellisfc@phoca.cz,DJYZNOMQmg
Rene,Grinnell,rgrinnellfd@hubpages.com,foioSR1Zaf8
Janetta,Leamy,jleamyfe@nydailynews.com,nhOlrP15YrJ
Tristam,Gobat,tgobatff@multiply.com,THd4H0eIlcUl
Darrick,Waterstone,dwaterstonefg@dot.gov,DeV0ZOXILf3
Tommy,de Guerre,tdeguerrefh@ow.ly,wmID04
Trisha,Pettiford,tpettifordfi@twitter.com,z5e1pV
Vally,Pickton,vpicktonfj@kickstarter.com,bTavVZZtQo
Norby,Farquarson,nfarquarsonfk@dagondesign.com,Cj2d3yXAsx9M
King,Taye,ktayefl@netscape.com,5BQGO1Xg
Fran,Yoell,fyoellfm@youku.com,KkadeU8
Moina,Dollar,mdollarfn@tripadvisor.com,X3ShCGZgK2q
Sherwin,Lantaph,slantaphfo@loc.gov,FUIMrP
Angus,Elbourne,aelbournefp@spiegel.de,R8sQggNmA
Corabel,Warner,cwarnerfq@indiatimes.com,KBmizmxUO
Joceline,Harmond,jharmondfr@webnode.com,BxqgwrU8S
Madeline,Witcombe,mwitcombefs@archive.org,ssgYjPnleQ
Jasun,Fissenden,jfissendenft@house.gov,PLrjZotGO9w
Sonny,Sherrum,ssherrumfu@mashable.com,3uj0f0QH
Bev,Peterson,bpetersonfv@friendfeed.com,vcLkw1B
Jasmin,Figgess,jfiggessfw@zimbio.com,nSOrLmQIewzF
Irma,Cruickshank,icruickshankfx@vimeo.com,rP6z6f
Moore,Mayes,mmayesfy@ft.com,JAwYBx
Alia,Paff,apafffz@sphinn.com,LPy5EXlH
Kira,Garrood,kgarroodg0@constantcontact.com,mH1MSj
Carlee,Brocklesby,cbrocklesbyg1@themeforest.net,L9u25orkSyGm
Benton,Brambill,bbrambillg2@domainmarket.com,S0J7He
Buddie,Josef,bjosefg3@tinypic.com,I8qy1Z
Diann,Henden,dhendeng4@behance.net,1bwieopeH
Katheryn,Dickerson,kdickersong5@amazon.co.jp,ADUS2oxwW
Briana,Maccaddie,bmaccaddieg6@technorati.com,rg34Nj
Kinny,Sjollema,ksjollemag7@51.la,vylT22
Natka,Southerell,nsoutherellg8@acquirethisname.com,MxS3MpAI
Aleta,Dahlborg,adahlborgg9@free.fr,OlIPlRsMx
Cherri,Ciccetti,cciccettiga@bluehost.com,g28Unt7M
Gilbertine,Elis,gelisgb@auda.org.au,8z0hGtHuPxn
Christin,Jantot,cjantotgc@creativecommons.org,kyj31549
Jacqui,Silby,jsilbygd@guardian.co.uk,zbhnBVmr0Yc
Sergent,Gabotti,sgabottige@usgs.gov,Sljrsq
Jonathan,Paddock,jpaddockgf@abc.net.au,qj2ePVMG
Isabella,Frankton,ifranktongg@naver.com,ZrP9uvxxRj
Skell,Fitzhenry,sfitzhenrygh@arstechnica.com,aXCSoJYm
Yoshi,Domel,ydomelgi@buzzfeed.com,vf3Y6gWFEwD
Crawford,Beaudry,cbeaudrygj@amazon.co.uk,jAxzPZ9
Amaleta,Walch,awalchgk@npr.org,3PYhZsw
Emerson,Edgeson,eedgesongl@addtoany.com,neD3xHS
Marysa,Leathem,mleathemgm@cnn.com,vnuxWjKbv6P
Vivi,Cracoe,vcracoegn@narod.ru,ezgGoNeZOCMZ
Jaime,Slucock,jslucockgo@businesswire.com,2d7yuQmPXO
Inger,Brisset,ibrissetgp@bigcartel.com,k9Wkak1OJaHH
Martie,Trevan,mtrevangq@fema.gov,jMMSabpw8TZ
Maxine,Keele,mkeelegr@ycombinator.com,ktODVKw
Christian,Newson,cnewsongs@fastcompany.com,zYg3s5if
Corene,McClinton,cmcclintongt@sourceforge.net,kHd4b0gkka
Orelia,Skewes,oskewesgu@diigo.com,1aVwjV
Leena,Alwen,lalwengv@istockphoto.com,rHAv7MeaN
Darline,Egalton,degaltongw@jugem.jp,3qHH0c
Goldarina,Coaker,gcoakergx@cdbaby.com,rzLQUbB4
Tiphany,Starking,tstarkinggy@eepurl.com,sKHgppHQ
Neville,Gawthrope,ngawthropegz@yelp.com,6WKciE1c
Frederik,Orpen,forpenh0@psu.edu,TDWOOeyMUj
Sutherland,Ferrao,sferraoh1@ted.com,z8654W5iW
Priscilla,Noble,pnobleh2@msu.edu,W3SpByyMQ
Bank,Paireman,bpairemanh3@360.cn,rnujdb
Nappy,Oxton,noxtonh4@washington.edu,XXorJ9coe2
Sylvia,Goodluck,sgoodluckh5@fda.gov,5QvBhwxW
Nick,Craig,ncraigh6@soundcloud.com,gI6ZNCkF
Emylee,Kisar,ekisarh7@cam.ac.uk,QRA3W1
Ajay,Brownhill,abrownhillh8@odnoklassniki.ru,Lw4lJEu38UJ
Dulcea,Carlyle,dcarlyleh9@taobao.com,75Otyl
Anatole,Slesser,aslesserha@t-online.de,1KZMvryPe
Leann,Feld,lfeldhb@sciencedirect.com,iWth7J
Margalit,Allpress,mallpresshc@ucoz.ru,cVJw0lVJ2W
Doretta,Prowting,dprowtinghd@cmu.edu,MiWtXZZeX
Merwin,Gorton,mgortonhe@google.co.jp,9cagfEln
Valeria,Gayle,vgaylehf@imageshack.us,4nUxEdQzh4v
Reginald,Calverd,rcalverdhg@msu.edu,AKWE3mLBU
Lonny,Fury,lfuryhh@yellowpages.com,ThyUAFJfw
Anette,Girth,agirthhi@myspace.com,9JdK205x
Emmi,Palia,epaliahj@pen.io,FbByJe
Kahaleel,Siddele,ksiddelehk@comcast.net,467KLl
Kary,Rowswell,krowswellhl@facebook.com,PABJVl7
Raddie,Derks,rderkshm@slate.com,59Nd0R
Huntley,Duberry,hduberryhn@youtube.com,OqENvn
Launce,Sumption,lsumptionho@desdev.cn,UwQEdgpJ65gp
Jodi,de Grey,jdegreyhp@chicagotribune.com,nKeqixM
Tommy,Lumley,tlumleyhq@ca.gov,yZsjWvYPnaM
Oralle,Lawrenson,olawrensonhr@uiuc.edu,qt4hP0Mnc3
Ted,Menaul,tmenaulhs@woothemes.com,KinHlc8G2s
Eldon,Dimond,edimondht@sakura.ne.jp,npXFTbmzNR
Rosy,Panchin,rpanchinhu@accuweather.com,WrHW4qa0iKn
Roxane,Lau,rlauhv@vinaora.com,lYzwVn0EK
Annaliese,Tompkins,atompkinshw@ameblo.jp,qXtV5DzLE0
Nicolis,Atte-Stone,nattestonehx@ibm.com,u9a9QbZb4xc
Craggy,Schultze,cschultzehy@sakura.ne.jp,TB3uF9R
Sibella,Lamperd,slamperdhz@amazon.co.jp,CyISyZ6
Manny,Widdocks,mwiddocksi0@cbc.ca,YihUkEv
Cristabel,Jerger,cjergeri1@dot.gov,1y0kOr1koxD
Berry,Gibbin,bgibbini2@boston.com,uLEXvXBGk5vB
Catlaina,Behan,cbehani3@amazon.co.jp,DRwueKSA
Ki,Trasler,ktrasleri4@home.pl,5qXGbulO1N7
Gray,Castelow,gcastelowi5@photobucket.com,UyDO2SMY
Betteanne,Elcy,belcyi6@sphinn.com,RabIIvivUErf
Thacher,Howlings,thowlingsi7@typepad.com,guIef55fJjZ8
Anna-diana,Dulton,adultoni8@mlb.com,e8wHVk
Dodi,Hatrey,dhatreyi9@cbslocal.com,R52PtOt
Kelsey,Treacy,ktreacyia@globo.com,UBaS5S
Amy,Cavie,acavieib@kickstarter.com,MO2TMLl9
Jesselyn,Sweeten,jsweetenic@hao123.com,rV5Mq7zh
Francisco,Pohl,fpohlid@google.com.au,C6CvJatmX2
Aloisia,Flintiff,aflintiffie@elegantthemes.com,8BKl6kD59q
Hughie,Elleyne,helleyneif@eepurl.com,Fsih8wqspWt
Bret,MacKaig,bmackaigig@amazon.com,QSNOs98
Meaghan,Fouldes,mfouldesih@soup.io,mHzpV4eZ3rv
Annemarie,Sirkett,asirkettii@amazon.co.uk,OiSnIBU6Wh
Derrek,Briars,dbriarsij@trellian.com,CitfC8VPZ
Garnette,Jaffa,gjaffaik@sina.com.cn,WNNTVzpZ
Lane,Asmus,lasmusil@i2i.jp,4LFy62a3YobT
Zach,Elcome,zelcomeim@people.com.cn,fgx9Q7svq
Janis,Dussy,jdussyin@aboutads.info,q6s5wjZ2VufD
Ana,Feldstern,afeldsternio@time.com,8xZskbF
Chen,Bussen,cbussenip@wikispaces.com,yTH0ip
Shaughn,Wemyss,swemyssiq@cbsnews.com,SQmxOXJ31
Elise,Finnigan,efinniganir@amazon.de,4SpIeV4
Pansy,Newe,pneweis@wordpress.org,IMkUKM3WRt4
Gaylene,Naish,gnaishit@ameblo.jp,ZtE74gx
Alidia,Cloute,aclouteiu@google.pl,c1wmKPdrx3iH
Gabie,Picken,gpickeniv@wikipedia.org,eQZhfDAOmmu
Dex,Vogelein,dvogeleiniw@nature.com,sUEFSWf4
Lorry,Glascott,lglascottix@webmd.com,qlOAPQ
Raina,Petracek,rpetracekiy@cdc.gov,5sJEMnwRM
Granny,Rayworth,grayworthiz@free.fr,ZvtvRbU
Carina,Lacroutz,clacroutzj0@acquirethisname.com,3qlDpQB
Juli,Greenshields,jgreenshieldsj1@uiuc.edu,wyTYwzhrQ
Chelsae,Mealham,cmealhamj2@domainmarket.com,L7f3B5Xs0eb
Erroll,O'Heagertie,eoheagertiej3@fema.gov,WWQpD4ULLr
Piper,Bisseker,pbissekerj4@lulu.com,HQMEwvrQ7Sn
Ealasaid,Kingsmill,ekingsmillj5@mac.com,nlVsbaV9gV
Simonne,Strattan,sstrattanj6@parallels.com,33b1OXAS
Amargo,Grieger,agriegerj7@nifty.com,IKs3pYGv
Lilla,Papaminas,lpapaminasj8@amazon.de,UFPnZwcNaRGk
Angele,Dulson,adulsonj9@opensource.org,LNT3r7SLqX
Jourdain,Frankes,jfrankesja@gnu.org,X6hrs4EUsX
Nessie,Sargerson,nsargersonjb@europa.eu,egn1sN
Phineas,Hasty,phastyjc@reverbnation.com,x9vIG5
Ekaterina,Rose,erosejd@imgur.com,LPJe1cJTULj
Ashlan,Enston,aenstonje@g.co,cAej7pJb
Courtney,Crame,ccramejf@hao123.com,ZfnyPVt9aI
Missie,Throughton,mthroughtonjg@goodreads.com,5uyIGBux
Laverna,Bainton,lbaintonjh@furl.net,BOnlBCtq
Robinette,Riccardo,rriccardoji@google.com,Rm8h4F
Nester,Gerred,ngerredjj@devhub.com,DFxOy3c
Freedman,Scardafield,fscardafieldjk@delicious.com,gTaiTbsvf16
Cash,Valentetti,cvalentettijl@elpais.com,528JkNG
Bernarr,Eyckel,beyckeljm@is.gd,TQaydllYpBnL
Filia,O'Docherty,fodochertyjn@buzzfeed.com,mqbW7z6E
Sonny,Hartop,shartopjo@posterous.com,vIfp0crJw
Mitchael,Allam,mallamjp@i2i.jp,BV9Jc3iVUG
Darrick,Elcom,delcomjq@icio.us,4x5sgXaAh
Ellery,Hendricks,ehendricksjr@parallels.com,NE2KsedPj
Elvyn,McMillan,emcmillanjs@abc.net.au,iYWQA6RzfzKL
Walliw,Sams,wsamsjt@qq.com,XGVaiTxPxy
Meredithe,Wathen,mwathenju@amazonaws.com,DGUiiyPC
Doris,Shillitoe,dshillitoejv@abc.net.au,aLSwzEEYScM
Benedetto,Dust,bdustjw@pbs.org,GVKqnQ4Y
Luelle,Woodson,lwoodsonjx@wunderground.com,vV3irwPIcA
Harwell,Cornelis,hcornelisjy@blogger.com,4xyQMOt
Delia,Danet,ddanetjz@amazon.co.jp,ekQ0B4W9ZOy
Pru,Bennion,pbennionk0@tmall.com,wa9TGkGLrcs
Coralyn,Fullwood,cfullwoodk1@redcross.org,9nrr0TK
Hakeem,Espinel,hespinelk2@github.com,IgQwoTz0ZQ
Myer,McFetridge,mmcfetridgek3@constantcontact.com,xMwOwK
Charlotte,Liles,clilesk4@epa.gov,uvSwlyYnvpbg
Sidoney,Taudevin,staudevink5@indiegogo.com,pcZmT8QWuYg
Revkah,Matzeitis,rmatzeitisk6@guardian.co.uk,xPkx8yAyW
Alfred,Wace,awacek7@yolasite.com,90UA6FO
Cairistiona,Dowe,cdowek8@wix.com,z367fh5eHRJW
Conni,Colegate,ccolegatek9@ustream.tv,fWSqLRv6F
Gwenni,Fenge,gfengeka@businesswire.com,SDOGSI6
Ivie,Feetham,ifeethamkb@aboutads.info,ZelKgk0I
Margarete,Paeckmeyer,mpaeckmeyerkc@prlog.org,eIHPeXDjIZb
Philippa,Diffley,pdiffleykd@ucsd.edu,vWN9tNp8onjl
Jere,Lamswood,jlamswoodke@prnewswire.com,rBeAvqRQ4Z
Haydon,Bemand,hbemandkf@google.ru,08cMmtKkQrB
Bill,Aynscombe,baynscombekg@blinklist.com,xOMd4YEL
Haily,Cockrill,hcockrillkh@ihg.com,9qBetaF
Alix,Picardo,apicardoki@cnbc.com,hnmyWqAY
Caz,Stiggers,cstiggerskj@networksolutions.com,VZcqwG
Joey,Axford,jaxfordkk@house.gov,yW5q820sX69j
Jessie,Jiggle,jjigglekl@auda.org.au,lVAVTcqoi75
Doyle,Breyt,dbreytkm@ted.com,JToRe50CmB8M
Jeannie,Furniss,jfurnisskn@taobao.com,inYfFHFW
Kellen,Long,klongko@google.co.jp,ekQdtewz1Bet
Kellie,Wigelsworth,kwigelsworthkp@cam.ac.uk,79O3pKFs
Francisco,Stobbs,fstobbskq@digg.com,g0Og30Un
Olivier,Dureden,oduredenkr@clickbank.net,dZHImVg3r
Merrili,Ironside,mironsideks@themeforest.net,tXdFd2r4rL4
Corissa,Grogono,cgrogonokt@census.gov,3OAbAWw458b
Kalle,Engelmann,kengelmannku@jimdo.com,AJ0KJe0vGC4
Leoline,Franks,lfrankskv@time.com,X1XztXQiTwS
Dulsea,Kolushev,dkolushevkw@mysql.com,uH6UouFk8Xn
Davon,Zahor,dzahorkx@studiopress.com,scpZxSrD
Sandy,Clulow,sclulowky@feedburner.com,9lVXNHS
Petra,Wolfe,pwolfekz@hugedomains.com,pdoYlCnE
Kylila,Frossell,kfrosselll0@pen.io,4ozKDU4RLKnA
Gerhard,Probin,gprobinl1@discovery.com,mCrwEcSxg
Burr,Travis,btravisl2@ning.com,Ezy031NUFC
Patti,Kellett,pkellettl3@amazon.de,ObIRayOyPK45
Tiertza,Escala,tescalal4@samsung.com,HeqaaG1
Janeen,Yegoshin,jyegoshinl5@pcworld.com,0IAeV55
Hillary,Thompson,hthompsonl6@fda.gov,Ey7IAD7WXz1
Jo-ann,Wyldbore,jwyldborel7@foxnews.com,z9sbITzZ8
Gabe,Ledgerton,gledgertonl8@trellian.com,OWQAv1YS3f2
Raddie,Hamfleet,rhamfleetl9@mysql.com,aZP5qtq5
Gordy,Handover,ghandoverla@msu.edu,DdQwRAx7
Darell,Badrock,dbadrocklb@xing.com,MaCDuH4
Denys,Bladge,dbladgelc@patch.com,u7o2GlSAe
Karalynn,Rudyard,krudyardld@51.la,JQzRjPkMzw3
Tibold,Rennebach,trennebachle@tmall.com,wBDrCyquwTf
Chen,Huxter,chuxterlf@delicious.com,S3626NQhCAU
Vida,McGillicuddy,vmcgillicuddylg@irs.gov,uEpaMyhiXJ
Renato,Brach,rbrachlh@histats.com,Y7wh00mBUuc
Goldina,Gilardengo,ggilardengoli@histats.com,7qn6uYds
Karoline,Mumm,kmummlj@technorati.com,R9waxx6p7IhX
Correy,Balffye,cbalffyelk@rediff.com,7kIosK1p4Y
Ripley,Kenyon,rkenyonll@tripadvisor.com,OD5MyoAt
Delly,Eilhersen,deilhersenlm@google.com.br,g5eiv8kYBRRC
Eddy,Dettmar,edettmarln@oracle.com,jJsu4TtRexmb
Willabella,Edmed,wedmedlo@wp.com,wIgZABs3lHC
Bat,Chasteau,bchasteaulp@cnbc.com,K7I7Kx1
Hamish,Koche,hkochelq@addtoany.com,wJaeyrwaD
Willow,Cholwell,wcholwelllr@japanpost.jp,q2eWPaS7URo8
Fionnula,Caston,fcastonls@studiopress.com,8LJYZbwcfp
Dalli,Drepp,ddrepplt@printfriendly.com,L47ryVGUn5WV
Ancell,Seeger,aseegerlu@microsoft.com,Lw3AMdat7
Leonardo,McGillivray,lmcgillivraylv@mtv.com,VQUNwXkl
Edi,Rubinovici,erubinovicilw@bbc.co.uk,tsLqhBxaWUXF
Willette,Dinsdale,wdinsdalelx@va.gov,jyCPdkfyQ9
Adelice,Semper,asemperly@hugedomains.com,TdSSkU
Raoul,MacMenamin,rmacmenaminlz@rediff.com,u8axdTK
Jobyna,Hildrew,jhildrewm0@cafepress.com,3GBNAh
Tabbatha,Garton,tgartonm1@blogtalkradio.com,FyOeDysXg5HO
Audrye,Minshaw,aminshawm2@illinois.edu,avGRy6psTvW
Mara,Haysey,mhayseym3@booking.com,5q44iRLYH
Cordelie,Benoy,cbenoym4@behance.net,ldAgQf
Melisent,Denley,mdenleym5@photobucket.com,y9jopSIXGR9
Ines,Whiteford,iwhitefordm6@discuz.net,74CkWxpNoKG
Justinian,Tiptaft,jtiptaftm7@google.es,eLpxaw6qfTn3
Roosevelt,Beadell,rbeadellm8@dion.ne.jp,wOHvRjzr5Im
Ediva,Mullinger,emullingerm9@paginegialle.it,1N1WoxiOIZ
Abran,Debling,adeblingma@hud.gov,l7v6IYn
Mavra,Fasham,mfashammb@digg.com,cmp9ZMP
Rich,Gatchel,rgatchelmc@nymag.com,8NjnuJA
Shea,Spargo,sspargomd@wordpress.org,ALi6RXyoM
Cam,Gisburn,cgisburnme@istockphoto.com,EEyhgq
Allayne,Czaple,aczaplemf@nytimes.com,4U3eYBAB
Anet,Joutapavicius,ajoutapaviciusmg@jiathis.com,lMi4eJBR
Sterling,Janek,sjanekmh@qq.com,kU02W9
Carissa,Coldbreath,ccoldbreathmi@opera.com,YlGDxuOq
Laureen,Cadwell,lcadwellmj@narod.ru,rpc7ZjzIKH
Elmore,Baumann,ebaumannmk@vimeo.com,gKDd5qWQ
Isaak,Duffell,iduffellml@myspace.com,3udQmemP
Paul,Ollin,pollinmm@spiegel.de,n4wI4coR
Chucho,Attreed,cattreedmn@eepurl.com,9uEUH7n
Clay,Radmore,cradmoremo@dion.ne.jp,kgD5KQo202
Cordula,Mathews,cmathewsmp@list-manage.com,tHi1N5
Cooper,Full,cfullmq@abc.net.au,e5Kbh7v
Hertha,Gabbetis,hgabbetismr@dell.com,Bci0MnFNlWZX
Hubey,Studders,hstuddersms@princeton.edu,ykzgOBCE
Nikolos,Phelipeaux,nphelipeauxmt@springer.com,8v7NXGVlc42A
Morgan,Paffot,mpaffotmu@weebly.com,cZlicWK4y
Mayer,Gligorijevic,mgligorijevicmv@weather.com,tYBqkYbaEuk
Andee,Shovell,ashovellmw@cbc.ca,YxFn4aeOe
Vick,Domenici,vdomenicimx@cnn.com,ylqCZ3qJbo6
Vladimir,Fache,vfachemy@vistaprint.com,U3vuvi
Raimund,Oxnam,roxnammz@blogspot.com,O3C2BoExNUa
Waverley,Murison,wmurisonn0@adobe.com,ZScqRhxX8j4i
Cosme,Tirrell,ctirrelln1@msn.com,cbPmRvtL
Moyna,Morrall,mmorralln2@ehow.com,4tv9dqF
Leona,Bauldry,lbauldryn3@google.fr,WUEGpF1o
Corbie,Leverington,cleveringtonn4@issuu.com,nfd43x
Chloris,Quakley,cquakleyn5@github.com,axZTqwSX
Brad,Varrow,bvarrown6@vimeo.com,2vV2ojctZy
Paulie,Tidcombe,ptidcomben7@hud.gov,yvDznrAoIR
Gabbie,Skeemor,gskeemorn8@hatena.ne.jp,T2kN5kNXJp
Elisabetta,Shillingford,eshillingfordn9@amazon.co.uk,DGtU8806Gz3s
Legra,Tenby,ltenbyna@mashable.com,Vp8abAlI
Emmerich,Derbyshire,ederbyshirenb@google.pl,bU11985MXtNl
Janith,Mundow,jmundownc@usa.gov,uHdSVPlOBa
Gerard,Devons,gdevonsnd@ox.ac.uk,LoASn9ogZG
Ilse,Jayume,ijayumene@ibm.com,WjrXdMq3AMM
Grant,Clayill,gclayillnf@examiner.com,agX2rNf1
Chickie,Verner,cvernerng@jiathis.com,rMXziXIn
Giralda,Bouchier,gbouchiernh@jimdo.com,mAmp48lOGF
Tina,Dankov,tdankovni@domainmarket.com,QzekSwbDg
Bertina,Jonathon,bjonathonnj@friendfeed.com,Iq5NuaQA
Tracey,O'Cuddie,tocuddienk@economist.com,QiXgUoV
Wilfrid,Dellar,wdellarnl@sakura.ne.jp,4q7TcQbbsR6
Heidie,Berkowitz,hberkowitznm@com.com,puvolbkU
Barnabas,Pulford,bpulfordnn@nytimes.com,T7qwFJWADxQX
Desmund,Pitsall,dpitsallno@nba.com,Acbub09
Kory,Linsley,klinsleynp@umich.edu,AXdqjaxU
Tandie,Laroze,tlarozenq@mediafire.com,hEVDjW6i3hQ
Frasier,Breeder,fbreedernr@ucoz.ru,1CYCYkREk8D
Ingeberg,Toth,itothns@cyberchimps.com,G3BYGMX8qy
Verne,Mellmoth,vmellmothnt@odnoklassniki.ru,ELya7EPEzi
Brannon,Claypole,bclaypolenu@arizona.edu,vVjJcASA872c
Althea,Begg,abeggnv@blinklist.com,TiTIFor5rZ2
Thebault,Girardi,tgirardinw@howstuffworks.com,3wVT4FRB4g
Vania,Ferencowicz,vferencowicznx@qq.com,0kZlud0P
Constancy,Davis,cdavisny@go.com,ZW6fHPEE
Cyndie,McGloughlin,cmcgloughlinnz@skyrock.com,6spxWdGS9
Marcellus,Abrahm,mabrahmo0@tumblr.com,BWnh5v
Maribeth,Giametti,mgiamettio1@google.com,bww3LGW
Willi,Larder,wlardero2@phpbb.com,A8oIjtccvrAe
Delphine,Dekeyser,ddekeysero3@bloglovin.com,h0VSwIuesGw
Waneta,Orrock,worrocko4@youtu.be,bNzmcd
Marnia,Tranmer,mtranmero5@lycos.com,NXv5Us
Enrika,Tredget,etredgeto6@usnews.com,NSSc2XfI0RK
Salvatore,Nelm,snelmo7@ebay.com,PP9bxB
Roxanna,Barringer,rbarringero8@psu.edu,rqdV2JRsStVM
Konstanze,Hannabus,khannabuso9@miitbeian.gov.cn,gT9s2t
Babs,Chastan,bchastanoa@symantec.com,zTmQueO
Lyon,Wearden,lweardenob@homestead.com,zRJz1TODNCqS
Evangelina,Trehearne,etrehearneoc@miibeian.gov.cn,eQ7UBQSwI
Korella,Delbergue,kdelbergueod@unicef.org,4t9fYpRPio
Genny,Matashkin,gmatashkinoe@nbcnews.com,lpr8ug9J47t
Pearle,Estevez,pestevezof@umn.edu,3kIiMtsqd
De witt,Wogden,dwogdenog@stumbleupon.com,vr1vtim1
Irma,Pollie,ipollieoh@wix.com,qQoyc8U
Charmaine,Bocke,cbockeoi@mayoclinic.com,rdcvHVaSrjJ
Niel,Mandry,nmandryoj@ed.gov,dpMISJetSO0F
Gerri,Brightling,gbrightlingok@nasa.gov,gPdiGdyy5hO
Aldridge,Gilloran,agilloranol@miitbeian.gov.cn,TDjux3F1E
Tirrell,Silberschatz,tsilberschatzom@acquirethisname.com,vZkp9l4fa
Gustie,Hopewell,ghopewellon@cbslocal.com,iMsqzX7
Eleen,Bettleson,ebettlesonoo@ustream.tv,Les0YRC
Vanny,Coomer,vcoomerop@xinhuanet.com,KZk86k
Marybeth,Wellington,mwellingtonoq@google.it,ch12TGQVE
Rolland,Himsworth,rhimsworthor@jalbum.net,YCzQL3BNh
Dulcinea,Portigall,dportigallos@reuters.com,iYmRtb
Kati,Pantry,kpantryot@fastcompany.com,CIDDudw
Peta,Poad,ppoadou@mashable.com,TQjFS88zoSl
Elli,Audry,eaudryov@fc2.com,E27lDPFc
Moselle,Ceyssen,mceyssenow@army.mil,CKKXC5v1Y9
Andy,Gislebert,agislebertox@123-reg.co.uk,RupGX2EIDD9N
Joachim,Alsobrook,jalsobrookoy@studiopress.com,D96vBPv
Fred,Baldree,fbaldreeoz@cam.ac.uk,aoBeS9xDenlR
Lorianna,Ludee,lludeep0@wisc.edu,wDb5hR
Grayce,Pley,gpleyp1@hud.gov,KemNKV1L
Rosanne,Sayburn,rsayburnp2@go.com,rA7MBpg
Carmelita,Readshall,creadshallp3@squarespace.com,hi4xpp
Whitney,Dorrance,wdorrancep4@google.ca,4MTzzv
Valentina,Nyssens,vnyssensp5@feedburner.com,UKchUyXu43
Jo-anne,Redley,jredleyp6@drupal.org,7unWheZQ6Nns
Ludwig,Capp,lcappp7@patch.com,EskrxFP
Katie,Vater,kvaterp8@lycos.com,LbI97LHO
Land,Roller,lrollerp9@livejournal.com,XaQcoRSJRMk
Doro,Gook,dgookpa@springer.com,a6XxrPF5JDj
Danya,Eleshenar,deleshenarpb@pbs.org,FsNaHe
Pooh,Olney,polneypc@artisteer.com,ILqVU2zd732
Nate,Wyvill,nwyvillpd@com.com,4JwmERiYvC
Aviva,Shoard,ashoardpe@multiply.com,CnRmviLB
Nerita,Hearse,nhearsepf@samsung.com,ndBBOx2
Adi,Jaggard,ajaggardpg@vistaprint.com,eIdV5YPsE
Dot,Gabby,dgabbyph@cbsnews.com,Sas01yn0
Debora,Bern,dbernpi@printfriendly.com,M4ADWzqsV
Berna,Body,bbodypj@wp.com,50nA5Sojwxg
Sully,Heatly,sheatlypk@mozilla.com,ngsqgi58cL
Elroy,Stummeyer,estummeyerpl@pcworld.com,ylWOBN
Far,Abson,fabsonpm@hud.gov,cNmYHOo8Jn
Aldo,Henzley,ahenzleypn@bloglovin.com,NCzijfnKs0e
Dominique,Leavens,dleavenspo@imdb.com,VYqd5vL
Almire,Treneer,atreneerpp@miitbeian.gov.cn,ZO9QbY7
Louis,Lorkin,llorkinpq@tripod.com,3q0tetwW14o
Lucy,Beaulieu,lbeaulieupr@istockphoto.com,sJdQG9f
Jermayne,Bing,jbingps@mlb.com,3vQjpJxhipqa
Margery,Rizzardini,mrizzardinipt@wunderground.com,aOOIfJ
Lilli,Daintith,ldaintithpu@washingtonpost.com,ElXVZI
Britt,Levine,blevinepv@linkedin.com,MspeuhHAbQL8
Billi,Peery,bpeerypw@icio.us,iwNTkfEXv
Tammy,Pickup,tpickuppx@patch.com,MKxTRZ
Rosanne,Eyrl,reyrlpy@springer.com,0M8ftyca
Tobie,Pettit,tpettitpz@sourceforge.net,eVPaHxc
Franni,Tuckwell,ftuckwellq0@arstechnica.com,47vRYUeQy
Modesta,Kobus,mkobusq1@amazonaws.com,RNc4EsMWK
Mathilde,Dickerline,mdickerlineq2@123-reg.co.uk,2FNp26w
Sully,Noweak,snoweakq3@sitemeter.com,peQdLAe
Pen,Brumbye,pbrumbyeq4@google.it,DQoDYY7mS
Asher,Schoolcroft,aschoolcroftq5@about.me,OiUMnbDwgM5
Kathlin,Marqyes,kmarqyesq6@rambler.ru,iP2kffmJEut
Kassandra,Callum,kcallumq7@typepad.com,Xn1PNTPE
Mufinella,Fettiplace,mfettiplaceq8@bandcamp.com,qh4fO0z
Donica,Stilly,dstillyq9@php.net,fRfN3WUaBF
Desiree,Scutter,dscutterqa@china.com.cn,3etRkCas5r
Hillel,Naerup,hnaerupqb@bandcamp.com,57k9qsXj
Erna,Munt,emuntqc@tmall.com,7Q5Bp9
Kristi,De Cleyne,kdecleyneqd@webeden.co.uk,AbjANQJWRNz
Hyman,Talks,htalksqe@paypal.com,Iz2aLITOsm
Yurik,Kestle,ykestleqf@google.co.jp,VJ6iFX1
Corrine,Schurcke,cschurckeqg@aol.com,T6BMfa
Jacob,Heaps,jheapsqh@list-manage.com,zUmaEmDi4
Josefa,Scahill,jscahillqi@gizmodo.com,Sx1MV4Vz
Josephina,Woodage,jwoodageqj@sciencedirect.com,ReO0T6ikXM
Meaghan,Lackie,mlackieqk@about.me,tg0CRQywgC
Arri,Catt,acattql@wikipedia.org,Y2guSg8h
Enrico,Tattersfield,etattersfieldqm@bigcartel.com,6PsuYS99GGC
Amerigo,Edmonson,aedmonsonqn@cdc.gov,tBOasdqR6FEO
Daniella,Reboulet,drebouletqo@odnoklassniki.ru,99w777o
Perri,Sudlow,psudlowqp@w3.org,oeIvmK24zUB3
Marguerite,Hearse,mhearseqq@opensource.org,NpaRVy
Winna,Gallahar,wgallaharqr@bigcartel.com,1nTtOw
Luella,Demogeot,ldemogeotqs@cdc.gov,KUHxV50K8IT
Sean,Lindeberg,slindebergqt@google.it,vyb1T4K
Gertruda,Flarity,gflarityqu@prnewswire.com,Z8rgunYrGA
Lorri,Reay,lreayqv@yellowpages.com,tQj8zkAj
Coraline,Fautly,cfautlyqw@hostgator.com,I01OIOrfeAZs
Forbes,Leindecker,fleindeckerqx@t.co,2sRoSdr
Ynez,Fraulo,yfrauloqy@sakura.ne.jp,FeRidXMrwY
Justine,Feragh,jferaghqz@vkontakte.ru,FQgjtKSl1
Ivar,Jess,ijessr0@gravatar.com,YPJU3Gk
Wilmette,Hedgeley,whedgeleyr1@tinyurl.com,QIOEHCcQps
Dell,Dimmack,ddimmackr2@wisc.edu,7HaX96
Gilberto,Ortas,gortasr3@joomla.org,gp1SHvGGR5l0
Clareta,Camsey,ccamseyr4@eventbrite.com,k3l3gs
Burl,Gallegos,bgallegosr5@feedburner.com,XcLfGdoLc
Yelena,Surpliss,ysurplissr6@ebay.co.uk,OkcSefNhPHV
Preston,Vuitte,pvuitter7@github.io,A1G7a8v
Mackenzie,Jouning,mjouningr8@umn.edu,Fp3RZbqNm
Florette,Hutchings,fhutchingsr9@theguardian.com,qDAqXqSof12f
Arleyne,Simanek,asimanekra@squidoo.com,mVsHNMI6XQ
Henrik,Kerby,hkerbyrb@buzzfeed.com,DRomCQ6qnE7
Gearard,Thomassin,gthomassinrc@cnet.com,acSSpf
Wilhelmine,Laterza,wlaterzard@oakley.com,28w2ahmx9
Carol,Sibylla,csibyllare@digg.com,TgOzX4rbZso
Jim,Murtagh,jmurtaghrf@macromedia.com,fDL4wkftV
Coletta,Seviour,cseviourrg@ft.com,F4Lod6UJU
Dennis,Kemball,dkemballrh@cafepress.com,IK6biDOLI6
Daveta,Measor,dmeasorri@theguardian.com,ESB5zaJdQ4wU
Felita,Romao,fromaorj@prnewswire.com,ww5rW5sOp8on
Serene,Meegin,smeeginrk@princeton.edu,iHVHVS9
Kiersten,Bengefield,kbengefieldrl@home.pl,c1W1xvsxxT
Zaria,Tomaszynski,ztomaszynskirm@bravesites.com,BTiC4LDMLZC
Benjy,Yarnall,byarnallrn@patch.com,2mpzDwsLCNv
Orton,Savine,osavinero@amazon.de,o1tWBac
Dede,Lidbetter,dlidbetterrp@skype.com,vCnquolBoz
Consuelo,Nucciotti,cnucciottirq@skype.com,61sysTBsw
Lurline,Lindberg,llindbergrr@alexa.com,7AEc3dgL
Beale,Brailsford,bbrailsford0@tuttocitta.it,itTeU6KyaB6b
Abbye,Torregiani,atorregiani1@posterous.com,69vtrLA1ub
Ki,Hudleston,khudleston2@hexun.com,senlbDUY
Carmen,Gookey,cgookey3@newsvine.com,MHr4k7h
Nell,Kearn,nkearn4@cargocollective.com,RDGryAZnDIy
Rupert,Oiseau,roiseau5@topsy.com,Skh1BR
Sheppard,Penni,spenni6@jigsy.com,b4TL4ze
Daisey,Dietzler,ddietzler7@mtv.com,98fdu6YUts
Melodee,Iacovozzo,miacovozzo8@state.gov,Dx5F9JK2oM9D
Dylan,Bradbrook,dbradbrook9@netlog.com,N5QsGV7bTd
Olva,Brach,obracha@blogtalkradio.com,XPShIb8dje6
Nichole,Gocher,ngocherb@npr.org,PNaCuTvTEN
Fredek,McMonnies,fmcmonniesc@accuweather.com,4xQWrjU
Winonah,Craister,wcraisterd@themeforest.net,pSxyVkX6RV4
Corri,Boldock,cboldocke@usgs.gov,ucm4tQFT
Harley,Van der Beken,hvanderbekenf@whitehouse.gov,rcf9gz1
Thom,Ick,tickg@ning.com,t59neAqTfL
Paulita,Christmas,pchristmash@senate.gov,2olx7Rq
Shepperd,Duiguid,sduiguidi@cpanel.net,LOYBiB1rI0F
Felic,Bugby,fbugbyj@tumblr.com,f6FZVKd
Felix,Samsonsen,fsamsonsenk@imageshack.us,EhTdDZnk
Wylie,Scrivenor,wscrivenorl@bigcartel.com,2fCf905d8AI5
Shannah,Casin,scasinm@g.co,BuEm5vAvd
Francine,Allred,fallredn@businessweek.com,4E2422h6Mu
Jorey,Baseley,jbaseleyo@telegraph.co.uk,CPABOxhd
Kaiser,Hobbing,khobbingp@vinaora.com,MwM4MkPd6JC7
Candice,Cullivan,ccullivanq@free.fr,hwoBPwNI
Jeffry,Demchen,jdemchenr@booking.com,2hOsbLZJzWj
Harli,Jefferies,hjefferiess@webeden.co.uk,MNYjbE
Rossy,Van der Daal,rvanderdaalt@biblegateway.com,AKJYKB7uWpr
Sanford,Troak,stroaku@newsvine.com,3O9KHOATK
Findley,Hatherley,fhatherleyv@nature.com,RJhGdeWf
Karine,Smallridge,ksmallridgew@reddit.com,kRXK4I
Mellisent,Bayldon,mbayldonx@csmonitor.com,fLsfKaKvfgE
Gran,Ebdin,gebdiny@springer.com,XkUZjXsQgx
Gaynor,Scolding,gscoldingz@nih.gov,AydUZpQHu
Maude,Dirand,mdirand10@army.mil,XCWmOjS
Sydney,Fydoe,sfydoe11@scribd.com,vGCl23Pjwbq
Sigismond,Coaten,scoaten12@cocolog-nifty.com,3mPgepb
Ware,Tommasi,wtommasi13@live.com,6NQS1D9Bqogi
Caty,Ferrant,cferrant14@redcross.org,gzb5nNev0Y
Aubert,Keer,akeer15@dion.ne.jp,7D8kTQ5Y
Ansel,Fronks,afronks16@microsoft.com,C6Jdsdm0Y0q
Tracee,Crummey,tcrummey17@arstechnica.com,fE8OnYcV
Sammie,Burniston,sburniston18@netvibes.com,aDnvqg
Therine,Arlow,tarlow19@sitemeter.com,WtXEgdRGwq
Maddie,Ellings,mellings1a@jalbum.net,bg0M95Z
Stefa,Ivanuschka,sivanuschka1b@amazon.com,UWhAKY1AY
Nettle,Kiendl,nkiendl1c@ycombinator.com,8hwqqTikJgv3
Veronika,Merfin,vmerfin1d@state.tx.us,6kwDjP
Curcio,Condit,ccondit1e@odnoklassniki.ru,edOgGnKLf
Miller,Heningam,mheningam1f@stanford.edu,lqfx65
Wilt,Fannin,wfannin1g@woothemes.com,JQAJJBkT7
Goddard,Janodet,gjanodet1h@harvard.edu,PRN4tMhvN5Q7
Emmalynn,Marner,emarner1i@alibaba.com,WQlUSU6nsT
Jolynn,Blagburn,jblagburn1j@yahoo.co.jp,6Mwsl39EGqg
Cammi,Bison,cbison1k@free.fr,4Rdq5u
Jeane,Sollas,jsollas1l@psu.edu,2E2jpk
Clywd,MacHarg,cmacharg1m@desdev.cn,2HETadRm
Joella,Matelaitis,jmatelaitis1n@bloglovin.com,2UfLeDMGJs
Lanny,Caig,lcaig1o@census.gov,GAjJXYd
Sarita,Beneix,sbeneix1p@reference.com,U3PT0cmjA
Charley,Deeney,cdeeney1q@ucoz.ru,wqjS1Q4
Emmye,Goddman,egoddman1r@patch.com,zYtXPNkDiAt6
Ogdan,Cockson,ocockson1s@technorati.com,1nZFtGPlw
Margaretta,Sandyford,msandyford1t@washingtonpost.com,WxPuUymThp4H
Benito,Spyby,bspyby1u@ft.com,hDwgC52tAADW
Veronika,Benedidick,vbenedidick1v@vk.com,u4149o55mb
Aland,Carson,acarson1w@marketwatch.com,jfsVZdN
Tomasine,Turbern,tturbern1x@twitpic.com,0BHyfJ59
Scott,Lidden,slidden1y@webmd.com,PHN4hKaS
Linus,Abrey,labrey1z@github.io,mJZyhfU1eP
Dacy,McGrirl,dmcgrirl20@histats.com,p0PDw3O3Fa
Clarice,Lammertz,clammertz21@jigsy.com,5JKtS9x0Z
Blakelee,Vasilischev,bvasilischev22@blogger.com,2R2ee0S
Katrina,St Leger,kstleger23@mozilla.org,anibnX2
Ellwood,Landers,elanders24@miibeian.gov.cn,HaWgbZ9aHc
Tandy,Willoughby,twilloughby25@digg.com,YRMxKj7tqO4
Jackelyn,Verduin,jverduin26@sphinn.com,uwF41ahp7g
Mala,Scimoni,mscimoni27@flickr.com,vNEgEm9J
Andrea,Du Pre,adupre28@printfriendly.com,KpoPeKM7S3b
Philomena,Plom,pplom29@redcross.org,JonXH7Xd40V
Pablo,Perrot,pperrot2a@earthlink.net,Eya3cleV
Murray,Lindblad,mlindblad2b@elpais.com,ZXo8GRmn
Raynell,Tarpey,rtarpey2c@ucsd.edu,x1CN7Zqspjl
Nata,Cregan,ncregan2d@adobe.com,ecMSgY
Binky,Bruntje,bbruntje2e@wikimedia.org,rLJmV4PO
Chicky,Haggerston,chaggerston2f@twitpic.com,DTxzh8HOhTJF
Josephina,Klimkiewich,jklimkiewich2g@uol.com.br,f3qc9mKg13
Persis,Lessmare,plessmare2h@slashdot.org,H4cs1q
Clarine,Heggs,cheggs2i@purevolume.com,NJFVorID3
Johann,Burhouse,jburhouse2j@simplemachines.org,vdFZBRsa2
Maia,Harmour,mharmour2k@yellowbook.com,H7KAL36Tb
Marcello,Nisbith,mnisbith2l@nhs.uk,BtsGnXY2
Chicky,Meneely,cmeneely2m@harvard.edu,EGN9qCKY
Osborn,Normavell,onormavell2n@mayoclinic.com,rLVVq4w
Grier,Beatty,gbeatty2o@wordpress.com,9Le2Glny3u
Faythe,Blackster,fblackster2p@histats.com,J1EWR7YLp
Chrysler,Broinlich,cbroinlich2q@nymag.com,dURLdiZW
Evvie,Blasetti,eblasetti2r@surveymonkey.com,wzQunrum
Hershel,Waison,hwaison2s@washington.edu,Tq177RRgR
Kaitlyn,Ferrario,kferrario2t@themeforest.net,wyGlix
Philis,McDarmid,pmcdarmid2u@whitehouse.gov,YLmrgDWWhy
Baudoin,Basillon,bbasillon2v@dion.ne.jp,hjNgHMoCe
Kaspar,Phipard-Shears,kphipardshears2w@abc.net.au,ffGhVAOzwMEZ
Kylie,Escritt,kescritt2x@hibu.com,T8unY9sc
Corina,Spirit,cspirit2y@wiley.com,k8VSgX
Tessi,Chstney,tchstney2z@facebook.com,K4suUYOclw
Modestine,Ivatts,mivatts30@apache.org,RuVLysMzV5
Tasia,Tixier,ttixier31@behance.net,5KxZsolZ
Loni,Scrowby,lscrowby32@hubpages.com,0lHDCzRM3
Joyann,Woodberry,jwoodberry33@homestead.com,bt4Y0yusg
Brigham,Dulton,bdulton34@bloglovin.com,3Djg2y
Clarissa,Elwel,celwel35@yellowbook.com,m3W1VO4
Abel,Botte,abotte36@weibo.com,FMxwF58LbIBi
Dorella,Sollis,dsollis37@aol.com,oocYqvSfEPg
Phyllis,Thomazet,pthomazet38@blogtalkradio.com,UXKszG
Aeriel,Souttar,asouttar39@thetimes.co.uk,rbIJNnFUtpM
Annamarie,Brosetti,abrosetti3a@patch.com,GZu8rke
Natty,Gunby,ngunby3b@opera.com,s8mzEkKV
Joyce,Challice,jchallice3c@devhub.com,oPTYs7C1hs
Velma,Smails,vsmails3d@lulu.com,tsCecxf8L
Penrod,Boyett,pboyett3e@unicef.org,2JpktZd
Stefan,Leslie,sleslie3f@paginegialle.it,KwdrJ6yO2yj
Ramon,Locks,rlocks3g@fotki.com,julm5jnwG
Modesta,Krolle,mkrolle3h@lycos.com,yFrW8lt2
Angelica,Nyland,anyland3i@auda.org.au,Ar7ORO
Frazer,McCallister,fmccallister3j@dell.com,ksTZecLXWiNl
Drusi,Birrane,dbirrane3k@fema.gov,Dj3FF6KdWExP
Pacorro,Thunnercliffe,pthunnercliffe3l@macromedia.com,9G4Bq8CL2S
Fredric,McKinna,fmckinna3m@tinypic.com,1mEmTc
Jakie,Crombleholme,jcrombleholme3n@technorati.com,CexGXbt
Esdras,Glaysher,eglaysher3o@wordpress.com,6UC5I8utG
Gavan,Kingston,gkingston3p@cnn.com,gGudyhMy1q
Philly,Moxstead,pmoxstead3q@netvibes.com,sJjauojgQqJc
Elysia,Rupprecht,erupprecht3r@goodreads.com,isGlOcH3
Tailor,Paunton,tpaunton3s@narod.ru,XN8qap
Mark,Durrad,mdurrad3t@shinystat.com,SokeqCRn
Dru,Waddam,dwaddam3u@stanford.edu,DxzJjzq0
Hillie,Stidever,hstidever3v@1688.com,GBQvT5RwUT
Bernete,Castletine,bcastletine3w@php.net,a3qwbUQd6e
Donnajean,Huebner,dhuebner3x@hao123.com,oEXS1au6TIU
Romeo,Crann,rcrann3y@hugedomains.com,3OElg4C
Sibyl,Farragher,sfarragher3z@independent.co.uk,2cNdQwL
Erena,Bello,ebello40@com.com,5ogMPJNn
Marika,Heaslip,mheaslip41@rambler.ru,7cRgMScCORa7
Berget,Turland,bturland42@acquirethisname.com,2hCwqw70XnCZ
Basilius,Lawes,blawes43@noaa.gov,GPCYGjC3uIrL
Kellsie,Stefi,kstefi44@linkedin.com,WQhMa0Bu7vb
Davidson,Schooling,dschooling45@newyorker.com,ABEAE0TCqNtr
Lisetta,Bensley,lbensley46@imageshack.us,MBptOHQ
Charlean,Faragan,cfaragan47@oakley.com,zXXk3U
Mallorie,Margram,mmargram48@homestead.com,4pLBJOGpvBo
Natka,Avramow,navramow49@photobucket.com,0NdPOPIZs
Jerad,Purves,jpurves4a@ning.com,xSnMqgnl0
Penn,Bartolomeu,pbartolomeu4b@wired.com,uzxiC2gIjZv
Persis,Sushams,psushams4c@histats.com,2kwWEm5M3lQi
Willie,Seabourne,wseabourne4d@linkedin.com,EbcjICjL
Ray,O'Farrell,rofarrell4e@cafepress.com,YXljLF
Sanson,Londors,slondors4f@springer.com,rTjFSq
Rip,Laborda,rlaborda4g@engadget.com,UDfMX5nEDP
Mabelle,Ceyssen,mceyssen4h@scribd.com,WpVflQh1cd67
Gabie,Widd,gwidd4i@mlb.com,qY9sX0w997f
Stafford,O'Hartnett,sohartnett4j@cloudflare.com,lGhg3jOQj
Tymon,Pawlyn,tpawlyn4k@sitemeter.com,F56ROoVr4b
Sashenka,Drabble,sdrabble4l@parallels.com,m9gXQOGBEyBA
Adorne,Wardingley,awardingley4m@diigo.com,FqSF44T
Dean,Bowller,dbowller4n@wix.com,pJi855cPuFxy
Suellen,Ford,sford4o@amazon.com,oczeySFn
Kathy,Steketee,ksteketee4p@xing.com,NvrmfbVAA
Felicia,Mirfin,fmirfin4q@accuweather.com,zdKd6YGRuO0
Jemmie,Testin,jtestin4r@cpanel.net,HLEGbdLKuqH
Megen,Worman,mworman4s@businessweek.com,XzeLpJ
Reynard,Molnar,rmolnar4t@scribd.com,bXV1jZ32ZZ6
Hyacintha,Riply,hriply4u@angelfire.com,zg8xjQROcK
Tommie,Woodington,twoodington4v@csmonitor.com,ww5FOde
Carlin,Ciric,cciric4w@odnoklassniki.ru,SFu7or
Denis,Huntall,dhuntall4x@wiley.com,v1cCm6
Noam,Tregonna,ntregonna4y@google.ca,dEkwXaLqKD
Winifield,Collelton,wcollelton4z@cdbaby.com,eLvCIiG7h
Loella,Musslewhite,lmusslewhite50@ebay.co.uk,OzgdjY16d9
Ryun,Rozzier,rrozzier51@bloomberg.com,k8v0Rvpc
Merilee,Schlagtmans,mschlagtmans52@chronoengine.com,dC4DkK
Nolan,Suller,nsuller53@biglobe.ne.jp,GMEadwBIGkwo
Westley,Kill,wkill54@archive.org,9LJfOE9MJD
Manya,Wipper,mwipper55@sina.com.cn,Jk1VjbIF8
Katha,Brookz,kbrookz56@home.pl,3Y8m1aPoC
Casie,Jurgenson,cjurgenson57@wiley.com,dbAAFjq8Nqt
Kym,Chelsom,kchelsom58@eventbrite.com,DrVniGHb
Fleming,Birchenough,fbirchenough59@cnn.com,0S1QsKTITLtA
Hallsy,Craker,hcraker5a@spotify.com,6z1tOGH
Karly,Girardet,kgirardet5b@si.edu,MxjZvrA86yL
Lynnea,Tineman,ltineman5c@hubpages.com,UffJqH
Donny,Neicho,dneicho5d@discovery.com,X7oZVM92P
Margi,Spat,mspat5e@google.de,nsjYgJv64
Weber,Trevino,wtrevino5f@csmonitor.com,0At1oTDA
Dru,Denyagin,ddenyagin5g@jimdo.com,6WQ4kCNBBQ
Shaine,Andriuzzi,sandriuzzi5h@pinterest.com,81XwPzyRQ0
Karina,MacGhee,kmacghee5i@weather.com,V0mM2c2hr
Rey,Dury,rdury5j@si.edu,Eyl0GqVWOQG
Elden,Overlow,eoverlow5k@cnn.com,dDr4zd0d3VSv
Stanton,Karpeev,skarpeev5l@apache.org,VqR5ZSChpTa
Bastien,Guly,bguly5m@state.tx.us,rzMjSS
Frederick,Gross,fgross5n@facebook.com,ev7X7UQw
Alvera,Foxon,afoxon5o@jiathis.com,IoETpcoWq
Bonny,Thunders,bthunders5p@wp.com,DEoolP
Johnnie,Anscombe,janscombe5q@sfgate.com,IVnjcIrF6X
Florenza,Broadstock,fbroadstock5r@seattletimes.com,C3PU36SSyirV
Janessa,Czadla,jczadla5s@1688.com,Hfxex3eG
Grazia,Rodenburgh,grodenburgh5t@mediafire.com,v9ogMugAJ
Ariela,Skermer,askermer5u@desdev.cn,HbX33bDQ
Missie,Seid,mseid5v@miibeian.gov.cn,IIkkHMnlnxm
Alphard,Ticehurst,aticehurst5w@163.com,ruXLG2FeR
Pat,Eglise,peglise5x@jiathis.com,S6epNyIgMaeX
Wallace,Banck,wbanck5y@youtu.be,Sag1yc9g
Maurits,Shinner,mshinner5z@gnu.org,pqjdjIu
Rupert,Clendennen,rclendennen60@addthis.com,DKY6rJ
Blithe,Grunwald,bgrunwald61@meetup.com,3SMUvSD22m
Tremayne,Wilkie,twilkie62@stumbleupon.com,5hsej4zvkppw
Brooks,Rymmer,brymmer63@google.com.au,9Ea0ScEexOQF
Dolley,Grcic,dgrcic64@deviantart.com,pFaTgfUN
Brigitta,Tallquist,btallquist65@wired.com,FkxmyB3LPci
Martguerita,Beavers,mbeavers66@census.gov,MlXukfRPoF
Dacia,Lidgley,dlidgley67@seattletimes.com,ZDqt7QfBfeVX
Vilhelmina,Attrie,vattrie68@1und1.de,ip3DDcsXQdiC
Deedee,Charkham,dcharkham69@harvard.edu,NOUXhW
Maurita,Overstone,moverstone6a@bing.com,ZTN6XJ
Ursala,Bras,ubras6b@marketwatch.com,P4ioM10xh6
Sylvester,Ducham,sducham6c@jimdo.com,D65iQh8ky
Angeli,Fansy,afansy6d@vkontakte.ru,K6o62GTPsLcr
Archaimbaud,Walkingshaw,awalkingshaw6e@alibaba.com,9MA0Teu9JTK
Heda,Tuffield,htuffield6f@mac.com,Siai6P
Phillida,Campling,pcampling6g@home.pl,xPrpqJuoINr
Cobb,Kibby,ckibby6h@infoseek.co.jp,ig5B7gy
Dacy,Tebboth,dtebboth6i@abc.net.au,IroeXETe
Aarika,Rennison,arennison6j@sogou.com,243fFF9EZ
Levi,Boecke,lboecke6k@gravatar.com,PtjeHvoK
Lorrie,Sharpless,lsharpless6l@goodreads.com,oHmPh9kh
Obed,Hurne,ohurne6m@feedburner.com,goDA6W
Vinson,Anthiftle,vanthiftle6n@digg.com,mMRLdaG3
Petronille,Shivlin,pshivlin6o@canalblog.com,9KEl1EdO4MBu
Taber,Masterman,tmasterman6p@google.it,YgdINwB
Meryl,Ackermann,mackermann6q@taobao.com,V1aRaL4
Cinderella,Gilkison,cgilkison6r@statcounter.com,oEgcwXChE
Tabb,Guntrip,tguntrip6s@multiply.com,lkWTlx9B
Bobbee,Regenhardt,bregenhardt6t@networkadvertising.org,bkFqRg
Maury,Spendley,mspendley6u@webnode.com,INupmuHOl
Sutherlan,McKiernan,smckiernan6v@comsenz.com,CWN9kQy7FlqN
Khalil,Coggeshall,kcoggeshall6w@t-online.de,vIE8EdlMrGx
Bartolemo,Spikings,bspikings6x@t-online.de,5S5Vyg
Grenville,Nutton,gnutton6y@ca.gov,k62B3N
Akim,Welman,awelman6z@mac.com,iyEIcb
Judie,Lawrence,jlawrence70@mysql.com,Xs2q94RM
Edmund,Pate,epate71@biglobe.ne.jp,HPQFeg
Lionello,Siflet,lsiflet72@vimeo.com,isZsUnn
Burt,Clipsham,bclipsham73@t.co,6yiVrF
Becky,Du Barry,bdubarry74@google.es,fVqlgtqRX
Chiarra,Balshaw,cbalshaw75@kickstarter.com,7248Jz
Trip,Cloughton,tcloughton76@jigsy.com,NfgSYCLdD
Patsy,Lockhead,plockhead77@microsoft.com,Ygc1LLdN
Alano,Murty,amurty78@theatlantic.com,IWYNc72mpzl
Harlene,Ashurst,hashurst79@samsung.com,jAoiKSEp7lqf
Edmon,Impy,eimpy7a@nasa.gov,O6CdYuhYcM8v
Allister,MacDunleavy,amacdunleavy7b@sitemeter.com,560NFZwb
Sheryl,Marchington,smarchington7c@facebook.com,RW7ziwI
Fulvia,Hawson,fhawson7d@instagram.com,zW8MGq
Whitby,Ricoald,wricoald7e@marketwatch.com,3M9BKR2
Merla,Johns,mjohns7f@dyndns.org,mWRHSV0vom
Cyb,Mosdall,cmosdall7g@theatlantic.com,5qKivCD8
Harrie,Jephcote,hjephcote7h@google.com.hk,BMgECwEw5S
Janice,Ker,jker7i@canalblog.com,4tUrU6M
Almeria,Wragg,awragg7j@histats.com,KfmnNN
Eugenia,Paul,epaul7k@technorati.com,7EPe7TNi
Myrtia,Antat,mantat7l@yolasite.com,dMiRRysXP
Gerik,Scamadine,gscamadine7m@technorati.com,BRtA6V2jsX
Mitchell,Edyson,medyson7n@ning.com,1kSyJSP
Bettina,Lillie,blillie7o@about.com,UMgPwPzf0GbB
Maddie,Fanton,mfanton7p@godaddy.com,1lGh5KZhNUfJ
Claire,Marland,cmarland7q@sbwire.com,Hk36wjY1YsN
Ossie,Buney,obuney7r@youku.com,XWflVwsTEyG
Gabriella,Dell Casa,gdellcasa7s@people.com.cn,8Rbaou8HpBl
Pepi,Nunan,pnunan7t@ocn.ne.jp,WhiAoj
Brande,Flight,bflight7u@ucla.edu,ShWqrAGtB
Allyson,Marien,amarien7v@dailymotion.com,IdozHPiK0AV
Daron,Ham,dham7w@macromedia.com,hRmQvKIU
Samara,McKennan,smckennan7x@aboutads.info,4gqLCi5rUCXD
Gasper,Tolcharde,gtolcharde7y@1688.com,uQpaj1vvrr9o
Addie,Nettle,anettle7z@nature.com,JHUzLV
Janelle,Yeoman,jyeoman80@craigslist.org,thSxGR
Thane,Really,treally81@ucsd.edu,xsH7ljk6L
Worth,Innerstone,winnerstone82@ibm.com,PyrhEhbmxAL4
Larisa,O'Deegan,lodeegan83@networksolutions.com,YJVbvJ
Georgi,Seres,gseres84@ucoz.ru,TQvl14z
Gizela,Labern,glabern85@amazon.com,KHAIqVy9Oz
Cristian,Gepheart,cgepheart86@cpanel.net,qePR67DoPf
Breena,Sommersett,bsommersett87@1688.com,v6dSvh
Joyous,Stanway,jstanway88@fda.gov,vZm6rwSF
Gerick,Wastie,gwastie89@marketwatch.com,E0oFXswKx
Petrina,Shropsheir,pshropsheir8a@ovh.net,5bvc2nlB
Angelica,Almack,aalmack8b@yandex.ru,wvALFI
Marieann,Thresh,mthresh8c@cmu.edu,TxEcea
Leon,Waplington,lwaplington8d@mac.com,Dd1xIG1T
Chan,Worwood,cworwood8e@sun.com,f2WzO0V
Peter,Blackmore,pblackmore8f@amazon.co.jp,1V1uMBQ6
Alfonso,Meneux,ameneux8g@bing.com,AKmrxmFdgxP
Suki,Roze,sroze8h@topsy.com,kw06W3QtGFA
Flory,Bareford,fbareford8i@marketwatch.com,cb6h7mR
Wilmar,Farr,wfarr8j@admin.ch,m9PL98q
Ros,Milch,rmilch8k@163.com,AbAkQ3uSR1
Hilary,Duligal,hduligal8l@discuz.net,NOKRaxZn
Kata,Daintrey,kdaintrey8m@booking.com,OnWv5z3yX
Glenn,Kyttor,gkyttor8n@goo.ne.jp,99LmODHiQ6J2
Rivalee,Minors,rminors8o@instagram.com,RLB96sKrIs6
El,Dolling,edolling8p@delicious.com,nFpSuXXqAZv
Claresta,Pindell,cpindell8q@meetup.com,GXHQVzFuStUU
Annabel,MacInherney,amacinherney8r@networksolutions.com,FBFbROu
Binky,Ply,bply8s@homestead.com,BVDL0q8ywe
Connie,Corby,ccorby8t@google.pl,MxFPVyf
Editha,Dalliston,edalliston8u@paginegialle.it,GmQgBsxRHV
Rolf,Cragg,rcragg8v@constantcontact.com,Me0GFV6J
Cary,Harold,charold8w@sohu.com,VOKkBI
Goldy,Mogg,gmogg8x@si.edu,dcKr7Ezc8Q
Ginger,Danilewicz,gdanilewicz8y@weebly.com,t0D4i4
Saba,Brockman,sbrockman8z@nature.com,vNP9XBtzYD
Darrel,Gabe,dgabe90@behance.net,F51z4kL0Jl4j
Ellary,Harpur,eharpur91@spotify.com,i5UNdMfq
Wynny,Pendre,wpendre92@examiner.com,8OGUjV9MEttH
Celisse,Dugue,cdugue93@flavors.me,tYJsgIrbadR
Moise,Onge,monge94@sogou.com,cyDKTTm
Zebulen,Trunchion,ztrunchion95@google.com.br,yAzfnyuw
Nathalie,Beaglehole,nbeaglehole96@cocolog-nifty.com,gws7gID8YxS2
Innis,Nanni,inanni97@msu.edu,WuAYwj
Dugald,Olivey,dolivey98@yolasite.com,6ArMXpQLV
Gualterio,Kelling,gkelling99@usatoday.com,et63MIH3
Melinde,Cavey,mcavey9a@fc2.com,4b6hWRjzw
Conny,Niccols,cniccols9b@upenn.edu,0YIPOYwT
Noak,Grigg,ngrigg9c@wisc.edu,aRU93ZAOVu
Wes,Griswaite,wgriswaite9d@vk.com,S1Tg0EmRONr6
Jodi,Yacobsohn,jyacobsohn9e@answers.com,aLcHTD
Jeralee,Breslin,jbreslin9f@tripadvisor.com,qffPGam5d
Domeniga,Rawlins,drawlins9g@mysql.com,6gianxT8S
Matilde,Vaillant,mvaillant9h@yandex.ru,vO4e07Fhy
Eleanore,MacPaik,emacpaik9i@google.ca,eEuYd2
Rollin,Crowth,rcrowth9j@tiny.cc,D4QNsm0
Gavrielle,Skeeles,gskeeles9k@oakley.com,cwHuhwyX
Archer,Bradwell,abradwell9l@woothemes.com,Ql72B4Ptq6qS
Erika,Molohan,emolohan9m@g.co,fPAsWUSqB8f
Jacquelin,Lilburn,jlilburn9n@hc360.com,obb9wxA
Janeta,Jozefiak,jjozefiak9o@google.ca,aCNuG5JV6SO
Lorette,Rawls,lrawls9p@psu.edu,9Euq4JKPM5zW
Hailey,Trood,htrood9q@umn.edu,COM1bSP
Roanna,Vears,rvears9r@forbes.com,QAkthccqUvf
Tammie,Evamy,tevamy9s@vistaprint.com,3UtjpilCigt
Gabe,Whitelaw,gwhitelaw9t@comcast.net,PEPfRc1AwFm
John,Naseby,jnaseby9u@nytimes.com,tGpWpT5l3
Lorilyn,Lightning,llightning9v@elpais.com,F0IXXmdU3wM
Gannie,Reeves,greeves9w@go.com,5kcRjXw
Malia,Argue,margue9x@de.vu,AEECxoL
Aile,Bamford,abamford9y@walmart.com,McTFcF
Bobinette,Etuck,betuck9z@google.ru,xz0g7PJ5RkLV
Thibaut,Sizland,tsizlanda0@163.com,LyDDSmKCO
Odie,Liepins,oliepinsa1@msu.edu,3d2FFSR9MoTW
Morgan,Mance,mmancea2@microsoft.com,ulcarN
Marianna,Yorath,myoratha3@washingtonpost.com,2X6rcUz9h
Tarrance,Plitz,tplitza4@sciencedaily.com,NWO2HzUibga
Perice,Absolom,pabsoloma5@tiny.cc,I7xpnv
Brittan,Proudlock,bproudlocka6@stanford.edu,eNH3cca
Ambrosi,Ruscoe,aruscoea7@blogger.com,buY51pATLi
Shannah,Smallacombe,ssmallacombea8@tumblr.com,V67LiS
Petronille,McCome,pmccomea9@yale.edu,qM767dIM4
Peter,Cutcliffe,pcutcliffeaa@is.gd,hHtXTapZ3Z8
Clint,Ollivierre,collivierreab@stanford.edu,c15W7uR
Colline,Greetland,cgreetlandac@ucoz.ru,xd7F5daA
Julienne,Minker,jminkerad@unblog.fr,mmG9PKMehjJQ
Kyle,Farans,kfaransae@admin.ch,JNmGlh8wU6j
Floria,Jeannot,fjeannotaf@reuters.com,WUb5Lm2Qh
Ann-marie,Oxley,aoxleyag@linkedin.com,u8gPbEio
Rivi,Bugdale,rbugdaleah@dion.ne.jp,IrYbqhrS7iRc
Brent,Ruberry,bruberryai@acquirethisname.com,LEQfAFFpSIt
Humphrey,Cudd,hcuddaj@yandex.ru,8JJ7A7MOzNJ
Hattie,Gilmore,hgilmoreak@illinois.edu,46ZJ0aeMO
Anatole,Holdall,aholdallal@51.la,NxUmHD
Holli,Mounch,hmouncham@google.es,zrGf7luJFQy
Olympia,Tomalin,otomalinan@sphinn.com,8ZJbtS
Windy,Dabel,wdabelao@ezinearticles.com,xKJLVzM1QK
Doria,Ingleby,dinglebyap@kickstarter.com,GErsDo
Ilse,Coker,icokeraq@last.fm,xHqel85g
Nicolais,Bravington,nbravingtonar@sogou.com,08fmCcg
Gardie,Poel,gpoelas@jigsy.com,dVdLSwm8x7j
Carley,Cloonan,ccloonanat@jigsy.com,AGMClz
Candida,Fellgett,cfellgettau@huffingtonpost.com,JBJoDPVua
Peggy,Sully,psullyav@sogou.com,9QbJ4L
Kylie,Attreed,kattreedaw@java.com,I7EXS2Ups
Annabella,Abrahmer,aabrahmerax@storify.com,6YE6Nvq
Johnathan,Pfaffel,jpfaffelay@disqus.com,91JQyGKs
Ambrosi,Casserly,acasserlyaz@who.int,QLterbKG
Ludovico,Daye,ldayeb0@furl.net,B7SQyL5D
Hermine,Deyenhardt,hdeyenhardtb1@blog.com,F0sGeStAZy
Berky,Worswick,bworswickb2@quantcast.com,FQ8nJxFklmZF
Wendall,de Vaen,wdevaenb3@upenn.edu,yvBe9TZIFV1b
Perl,Sussans,psussansb4@dailymotion.com,CV3XOzOr82
Giacinta,Farnall,gfarnallb5@typepad.com,c2J73B5r
Dare,Menary,dmenaryb6@twitpic.com,SXbZopDKZmxy
Melodee,Annesley,mannesleyb7@huffingtonpost.com,q6Luy22PPRl
Duky,Rutherfoord,drutherfoordb8@ucoz.com,KE9Hq7SDG
Wells,Itzig,witzigb9@sfgate.com,ZPukAxgV8aM
Freedman,Cuttings,fcuttingsba@army.mil,ejN8Mqtd
Orson,Myford,omyfordbb@telegraph.co.uk,hOWgqFc
Sibylle,Blenkhorn,sblenkhornbc@lycos.com,22KLcv2f
Celka,Rivers,criversbd@hibu.com,0DRjfEW9
Cam,Evers,ceversbe@reuters.com,Kq2GCe
Kanya,Jansens,kjansensbf@weather.com,Mx82WY
Reginald,Dray,rdraybg@sun.com,jmY9vGlfXIep
Arielle,Ralton,araltonbh@yahoo.com,bn4Trm
Giraud,Cape,gcapebi@about.me,vGZOtMsmVI
Leontine,Basini-Gazzi,lbasinigazzibj@over-blog.com,m1ToTszwC1
Olive,Highway,ohighwaybk@wikimedia.org,LD1mXSIkxg
Brander,Driutti,bdriuttibl@nps.gov,1ZZ6TAZvN
Monica,Neubigin,mneubiginbm@1und1.de,s9IQ9xC
Jocelyn,Meenehan,jmeenehanbn@seesaa.net,XgCx2eBJ
Burke,Stuckow,bstuckowbo@meetup.com,VLwZpT
Nelle,Dilkes,ndilkesbp@exblog.jp,QwcHVMegwS
Gretta,Laugherane,glaugheranebq@senate.gov,mfoCiCn
Gui,Huffa,ghuffabr@slashdot.org,DyfKVz7
Erica,Franssen,efranssenbs@woothemes.com,GPLnS2R
Helen-elizabeth,Arpin,harpinbt@booking.com,VcOYIC5y
Sybyl,Spon,ssponbu@japanpost.jp,g8ioHyl
Cullie,Cockin,ccockinbv@blogs.com,2gYIoOn
Chrysa,Dowse,cdowsebw@furl.net,lxg3Cuo
Moishe,Ughelli,mughellibx@nyu.edu,52INVw
Lane,Lowthian,llowthianby@state.tx.us,c3r2Xx
Sandye,Rigney,srigneybz@soundcloud.com,qkqgmj
Sheilakathryn,Mulrean,smulreanc0@mayoclinic.com,UwO8dLDE4kwu
Minnie,Coite,mcoitec1@wikia.com,DL76M6UYca
Barry,Woollons,bwoollonsc2@dyndns.org,FKN5nX
Stinky,Balderston,sbalderstonc3@pen.io,nbghUcjmI
Waneta,Plumb,wplumbc4@purevolume.com,3ARCS1
Ree,Valente,rvalentec5@alexa.com,kEVxHNsX6ck
Farley,Glossop,fglossopc6@pen.io,FCriMy
Alisander,Louch,alouchc7@ebay.com,v8Wv5MzSBRN
Toby,Salleir,tsalleirc8@nationalgeographic.com,CdrSbj9C2i
Tobias,Wadeling,twadelingc9@dailymail.co.uk,2U6WNGF27GfG
Madalyn,Grissett,mgrissettca@fema.gov,UgJiGq
Cathie,Jouanny,cjouannycb@jigsy.com,TKxihmq3StvE
Linnell,MacDearmid,lmacdearmidcc@fda.gov,ai9Pwp6ZfTB
Jeanie,Brazener,jbrazenercd@exblog.jp,rIbSI6R8h
Candra,Glanvill,cglanvillce@nationalgeographic.com,p5M8KZztKfa
Jerald,Joney,jjoneycf@blinklist.com,myWcvGNUy9DL
Boonie,McKinlay,bmckinlaycg@epa.gov,IpgRUbdsnZf
Mozes,Aldgate,maldgatech@who.int,oedpj0YCZX2
Jocelyne,Korpal,jkorpalci@soup.io,sbjoKt
Teodorico,Sagrott,tsagrottcj@nhs.uk,FW3M7tK
Zane,O'Boyle,zoboyleck@csmonitor.com,DTcKUXM06QL
Maurice,Ahrendsen,mahrendsencl@smh.com.au,lZ9QnywV
Lucas,Asher,lashercm@bigcartel.com,YiCBVg7YlYd
Brandy,Henrys,bhenryscn@fastcompany.com,JrEtsM1w2TmZ
Alonzo,Burndred,aburndredco@discuz.net,6qJwLlFI
Janna,Crumbie,jcrumbiecp@amazon.com,rDzFSE1SQ5F3
Marylynne,Poltun,mpoltuncq@smh.com.au,K3cNF7
Bessie,Atterbury,batterburycr@bloglines.com,ciJ8VOV6i
Stillman,Carstairs,scarstairscs@chronoengine.com,wy4d7yYc
Jon,Kinnen,jkinnenct@typepad.com,KfBgV9Paq
Mable,Merit,mmeritcu@ox.ac.uk,62VF6B1Og
Juanita,Kennion,jkennioncv@typepad.com,GTxbYscAMwM
Cammie,Fiddian,cfiddiancw@disqus.com,kvHXVLioK
Karie,Buscher,kbuschercx@earthlink.net,NievCnDts6
Luelle,Station,lstationcy@vistaprint.com,3EvHjv2ZGUiH
Miller,Gout,mgoutcz@cbc.ca,DnrCHHskn
Mike,Barbara,mbarbarad0@cisco.com,zzGUY4E
Pascale,Romney,promneyd1@miitbeian.gov.cn,VvNW21G
Emmeline,Maytom,emaytomd2@archive.org,mXVqShdYN2YS
Archibaldo,Glaisner,aglaisnerd3@statcounter.com,L1Tr8U
Avictor,Southernwood,asouthernwoodd4@bloomberg.com,8Gl5QoQ
Lorilyn,Halewood,lhalewoodd5@rediff.com,vslGcF
Sibyl,Dunham,sdunhamd6@github.io,g3cEDpr6XIX
Corabel,Scimonelli,cscimonellid7@ed.gov,k3mUA6y
Amii,Covey,acoveyd8@redcross.org,DT8sLv
Winn,Wightman,wwightmand9@google.co.uk,lMiXu8
Chrissy,Straine,cstraineda@jiathis.com,9aITatvuglQ
Nevsa,MacAirt,nmacairtdb@i2i.jp,XsEvfr
Eadith,Aguirrezabal,eaguirrezabaldc@twitter.com,8fKKMA
Sergent,Posselt,sposseltdd@newsvine.com,EnfRG0AJs7
Fin,Dunphie,fdunphiede@mozilla.org,96p1qD97gfKs
Patrice,Durram,pdurramdf@privacy.gov.au,KqTXWMHNfzrp
Doug,Cattellion,dcattelliondg@privacy.gov.au,Q3oZ4NTuP3
Barbra,Jolin,bjolindh@privacy.gov.au,puyNncy6FSle
Neala,Pryke,nprykedi@yellowpages.com,02TN2iPro
Fiona,Klaes,fklaesdj@multiply.com,dwFe1avnlQJj
Matias,Metterick,mmetterickdk@mac.com,VxDA6f4M
Arlina,Alvares,aalvaresdl@addthis.com,4ViZpRf
Bernice,Aberdeen,baberdeendm@nifty.com,cwJNmpGAFS
Yardley,Diggins,ydigginsdn@dyndns.org,01Gat1RC6xmj
Max,Windram,mwindramdo@dedecms.com,3L5HvKgQr
Zea,Parish,zparishdp@last.fm,lXXTQrZUu
Vinnie,Logie,vlogiedq@yelp.com,WPQju1w7
Darryl,Grigoriev,dgrigorievdr@wikispaces.com,eEGGFJM7n9L6
Randolf,Heineking,rheinekingds@is.gd,QW71K4rgjf7c
Matthias,Scotchmer,mscotchmerdt@vistaprint.com,06GkdadVpAIB
Chadwick,Schermick,cschermickdu@infoseek.co.jp,SJyZN2DAp
Eveleen,Blackall,eblackalldv@bluehost.com,nTeBSiy2YjE
Igor,Middas,imiddasdw@blogspot.com,AsO47pXAC
Alexis,MacInerney,amacinerneydx@addthis.com,3Iu1aFuWgm
Lyssa,Lawlings,llawlingsdy@bbc.co.uk,roA6CKYR0oCV
Temple,Murthwaite,tmurthwaitedz@hao123.com,dRY6INmni
Worth,Riddler,wriddlere0@amazonaws.com,IfnZO3kbt
Ulrika,Levane,ulevanee1@noaa.gov,7xfEBG5krH
Sterling,Annott,sannotte2@mediafire.com,Ggt8F9aoNNE
Thomasin,Kleinplac,tkleinplace3@google.cn,S39lAP
Branden,de Lloyd,bdelloyde4@arstechnica.com,yKPf45
Emory,Hamly,ehamlye5@livejournal.com,4k5a2mP
Fancie,Chelsom,fchelsome6@house.gov,bG8TZm
Rhoda,Messam,rmessame7@imgur.com,Sit16NOI
Ario,Grieger,agriegere8@imdb.com,mLGHBF
Kimball,Filmer,kfilmere9@nbcnews.com,1U19CyO
Micky,Beccles,mbecclesea@princeton.edu,nlekMZT0o4
Clem,O' Driscoll,codriscolleb@state.gov,3Lcmu5y
Ibby,Gino,iginoec@army.mil,1om8OJn
Yale,Daws,ydawsed@blogger.com,w2qWo5l
Caroljean,Heatherington,cheatheringtonee@ibm.com,zRsyGO7x9E
Ivett,Rumin,iruminef@google.fr,qrvXpxYLuCW
Braden,Gumley,bgumleyeg@constantcontact.com,2xBqUC6W
Parke,Madgewick,pmadgewickeh@tripod.com,lBQq6q3BRFJo
Annelise,Barwick,abarwickei@xrea.com,eMNMFLy
Rolando,Bour,rbourej@nsw.gov.au,NNJQIJO9
Ashil,Haberfield,ahaberfieldek@hugedomains.com,gzUhWSI
Pavlov,Bonick,pbonickel@list-manage.com,dcpfb1C
Merrilee,Tomaszewicz,mtomaszewiczem@oaic.gov.au,7P1Lz0sJIE
Adan,Rubee,arubeeen@clickbank.net,uCHNzAv6fiV
Ab,Cossons,acossonseo@webnode.com,7UwXQ0SO
Trever,Lydon,tlydonep@printfriendly.com,WRfTw8ZOUdF
Tracy,Hawthorn,thawthorneq@cnbc.com,uqhqQYk4zbYF
Odelia,Laviste,olavisteer@illinois.edu,nP7BqP8gp7
Dani,Bleyman,dbleymanes@360.cn,rQTTBhInMQ
Ekaterina,Tiron,etironet@google.it,uZCNIkG
Patrizia,Dand,pdandeu@economist.com,sw3ifXB1kf
Lesley,Regnard,lregnardev@cpanel.net,ScNgvn17xJi
Rachael,McMickan,rmcmickanew@de.vu,CD9yzk
Austina,Younghusband,ayounghusbandex@wordpress.com,dGrL3GPEgh
Audre,Tabour,atabourey@businessweek.com,BW3gBz
Grissel,Beamiss,gbeamissez@alexa.com,mAmddVoSpw
Norah,Mac Geaney,nmacgeaneyf0@blogtalkradio.com,4ai0VIn
Filberte,Mandrey,fmandreyf1@fc2.com,DvOuzLodN
Filbert,Edmott,fedmottf2@mapy.cz,kf5WYIm
Vidovik,Sylett,vsylettf3@amazonaws.com,73drJWAg2sq9
Rakel,Konzel,rkonzelf4@aboutads.info,diQFjKaLTX
Gustaf,Drakes,gdrakesf5@sogou.com,n7USfNMiHw
Samuele,Hamlyn,shamlynf6@freewebs.com,WL49d9C
Valentia,Spinello,vspinellof7@dyndns.org,UStKSrp
Brande,Tirone,btironef8@wired.com,hsmxtMsWn
Phyllis,Ghio,pghiof9@sourceforge.net,7vUVIXu
Denyse,Cloney,dcloneyfa@posterous.com,bjfsAg
Dolph,Oles,dolesfb@freewebs.com,5Vzlf9oqA6
Pierre,Waight,pwaightfc@wufoo.com,P5cpkR
Molly,Roycroft,mroycroftfd@wikispaces.com,l5JANHfF4lf
Melvyn,Ruby,mrubyfe@sfgate.com,vMPNKPOb
Shaun,McPhail,smcphailff@webs.com,IQ1fHXyzj9wS
Sherman,Engelmann,sengelmannfg@biglobe.ne.jp,QAmCF9Wtfw2K
Ninon,Blockley,nblockleyfh@purevolume.com,zz5dNKXrKk
Malissa,Tarrant,mtarrantfi@a8.net,cwAMeqmq
Shaun,Tinson,stinsonfj@nymag.com,wH8w6Rh9r9oW
Deva,Moscone,dmosconefk@chicagotribune.com,mZXuzA7Q
Casey,Bleue,cbleuefl@blogspot.com,pipsLYBw
Gary,Broad,gbroadfm@mlb.com,LPJWwEbLIRli
Eloise,Cordes,ecordesfn@facebook.com,HjEYazcA
Mildrid,Giorgione,mgiorgionefo@cnet.com,1sKGsmE9HDY
Maggi,Olney,molneyfp@msn.com,Y5G7BzAY
Darill,Phuprate,dphupratefq@alibaba.com,GTmeYUM8Qy
Rosana,Dutteridge,rdutteridgefr@paypal.com,MEAMV9
Serena,Hugnet,shugnetfs@github.io,bi6gKT
Andonis,Steane,asteaneft@dailymail.co.uk,s7kkr6iQi
Den,Borzoni,dborzonifu@ifeng.com,4UqntdI
Ad,Targe,atargefv@drupal.org,y4wopk1ne
Elia,Torrie,etorriefw@linkedin.com,Fw6DxZXR85Dv
Gusti,Doberer,gdobererfx@bloomberg.com,bbCHPNQK
Huberto,Messer,hmesserfy@facebook.com,C7KVRjl
Woodman,McLernon,wmclernonfz@fotki.com,OPJIMo
Marie-ann,Peacey,mpeaceyg0@1688.com,nM5nCf54xQL
Deeann,Sheldrick,dsheldrickg1@soundcloud.com,ep4syyU81n2s
Therine,Stiegar,tstiegarg2@nytimes.com,1ONCB9ENzd
Kev,McVeighty,kmcveightyg3@ovh.net,5pHfgt8
Heywood,Ahmad,hahmadg4@cnbc.com,D5j2lLDo
Parrnell,Dilleston,pdillestong5@storify.com,0Q1YGB4SCSV
Hamid,Llewellyn,hllewellyng6@baidu.com,awzvIzxbTuPi
Nicolina,Hadleigh,nhadleighg7@guardian.co.uk,DYzRjFa
Katerine,Sime,ksimeg8@altervista.org,6WO4PbEHng
Reidar,Porte,rporteg9@desdev.cn,SFIxlf7Ja
Webb,Wardingly,wwardinglyga@mozilla.org,uS2TowqD4t
Pavel,Tooze,ptoozegb@artisteer.com,eW3De8
Lyndsay,Jakubovics,ljakubovicsgc@webnode.com,ZCRsoQ
Gilbertine,McNamara,gmcnamaragd@gmpg.org,vDasMWpUQ
Edith,Morson,emorsonge@surveymonkey.com,voDWsgeRq
Shaine,Pietrasik,spietrasikgf@mtv.com,S9e05HPdK3I3
Shirleen,Beard,sbeardgg@intel.com,9u4kIof9
Bidget,Leschelle,bleschellegh@accuweather.com,Uik4HPlbetm1
Jeanna,Pepperd,jpepperdgi@paypal.com,DoE47CMu
Gerri,Fazakerley,gfazakerleygj@cisco.com,XjDZ9R0uOcq
Mame,Kingswell,mkingswellgk@japanpost.jp,6ELZhn2KLyCt
Penelopa,Liebmann,pliebmanngl@twitter.com,uBplN6Y3sf
Brnaba,Compfort,bcompfortgm@oakley.com,gQdemMYQiEH
Morry,Rowbrey,mrowbreygn@phoca.cz,8E0qSe1
Lucia,Callendar,lcallendargo@theatlantic.com,bhY4Zyz4
Chery,De Angelis,cdeangelisgp@independent.co.uk,oxPUTPNq4N
Dael,Maccrea,dmaccreagq@alibaba.com,nIVvAP
Doroteya,Farnaby,dfarnabygr@histats.com,CQSOw2jUTb
Tobin,Records,trecordsgs@noaa.gov,lZRx7Rn
Juanita,Harwell,jharwellgt@shutterfly.com,iQOLE5gCpqw2
Udell,Sayburn,usayburngu@who.int,oYSrYCWRUh
Leonid,Claybourn,lclaybourngv@weibo.com,Ks5e7fX8yN
Pacorro,Cristofalo,pcristofalogw@intel.com,hsLXkj
Micheil,Gullivan,mgullivangx@printfriendly.com,0V9W4sUbIj
Othella,Medlicott,omedlicottgy@elpais.com,4S6r8P
Cissiee,Lansdowne,clansdownegz@gmpg.org,EeuShuwf4F4
Elia,Rowes,erowesh0@flickr.com,YSYjz3qtx2
Valina,Dwire,vdwireh1@bigcartel.com,y0BjyqdI
Eileen,Leuchars,eleucharsh2@nytimes.com,0TGBUN
Karrah,McLay,kmclayh3@comcast.net,0wFD54xPHE
Ilyse,McGill,imcgillh4@sohu.com,l22VSN0ee
Wallache,Jeanesson,wjeanessonh5@ocn.ne.jp,nYiubSeEN8H6
Tris,Swaile,tswaileh6@wp.com,s9tGryZpteoq
Brit,Sorrie,bsorrieh7@ox.ac.uk,13PumDSqUT
Mic,Fey,mfeyh8@woothemes.com,vteHt3nv
Lana,Collison,lcollisonh9@omniture.com,wVi3bdUMt64
Lorette,O'Keaveny,lokeavenyha@51.la,GleeN9cjY3
Haily,Risman,hrismanhb@bloomberg.com,PT4zL5Btd
Moss,Cottis,mcottishc@reverbnation.com,giX4f3RQyRey
Jennie,Gerson,jgersonhd@msu.edu,tRTVZ1H41gpY
Morganne,Gohn,mgohnhe@clickbank.net,vPcXKKYj
Uta,Shaw,ushawhf@hexun.com,yb9zJk8wlt7C
Bailie,Lapley,blapleyhg@patch.com,H69ldEjtPZ2B
Rosella,Stile,rstilehh@chicagotribune.com,OTgLWbAZk1
Thalia,Hollingshead,thollingsheadhi@t-online.de,LJYj9rAFAsEf
Hilarius,Ruspine,hruspinehj@youku.com,aqeZD7Ont
Filia,Bohea,fboheahk@posterous.com,qssoTOA9of
Lindsey,Rhoades,lrhoadeshl@hud.gov,srrD8gfNZ9k
Maury,Whithalgh,mwhithalghhm@blinklist.com,MBVemF
Cleon,Backhouse,cbackhousehn@baidu.com,6dbsELBKbLsY
Jinny,Renvoys,jrenvoysho@wired.com,s5zqCsH
Nettle,Corbie,ncorbiehp@moonfruit.com,Ks6wYhkJ7ue
Joleen,Wretham,jwrethamhq@geocities.com,4OxU3Wlvyb
Hernando,Swadden,hswaddenhr@gravatar.com,DzHE2DeDF7B0
Egbert,Whitford,ewhitfordhs@wikipedia.org,MKAQ3eaNm9
Ramsey,Casperri,rcasperriht@wix.com,R8d3wTacI2A0
Nadya,Casetti,ncasettihu@jiathis.com,a0Eqd4En
Delora,Soonhouse,dsoonhousehv@tinypic.com,S6MFYt4lYq
Thomas,Dakers,tdakershw@arstechnica.com,VPdHgHDKY
Kenon,Castiello,kcastiellohx@google.nl,WR2Qiz
Hendrik,Petrulis,hpetrulishy@slideshare.net,7gOqbGqBT
Pietra,Crecy,pcrecyhz@walmart.com,OcxLsGZnN2w
Emogene,Bachelar,ebachelari0@icio.us,TU3J8jD
Seka,Linturn,slinturni1@yahoo.com,DOma2l7lYt
Brantley,Basler,bbasleri2@newsvine.com,AMJBG8
Iggy,Lambregts,ilambregtsi3@technorati.com,4KuTrZCFme
Riki,Downham,rdownhami4@slashdot.org,nXxC1zLoq0
Rog,Lankester,rlankesteri5@illinois.edu,uuErsxAdG
Lynsey,Fussen,lfusseni6@w3.org,vZOvZVsHq5
Carita,Hellmore,chellmorei7@slashdot.org,TERhLcaY
Merv,Murty,mmurtyi8@bbb.org,A8A70CwG
Sayre,Spurett,sspuretti9@ebay.co.uk,3TddWJ
Ethelin,Gunderson,egundersonia@oakley.com,VBf162Jh
Freddi,Jansie,fjansieib@squidoo.com,vJ9M6OKUd
Marlyn,Leversuch,mleversuchic@biglobe.ne.jp,AlXx53G9l
Demetrius,Basek,dbasekid@opera.com,4YeFMXSA67Yz
Rudolf,Maskill,rmaskillie@arizona.edu,OtnxHn9Wh
Kennedy,Siege,ksiegeif@seesaa.net,8uE8caT5swul
Fanchon,Canter,fcanterig@163.com,xnRk1S
Kali,Palphreyman,kpalphreymanih@home.pl,UH2AeUcIcT2R
Tiler,Allnutt,tallnuttii@1und1.de,FlJ2AMP6R
Barbette,Cockrem,bcockremij@wiley.com,Xvas3T
Francine,Barrowcliff,fbarrowcliffik@booking.com,b41nK944Z
Bryn,Drinan,bdrinanil@time.com,GcxVaqcg
Bordie,Dumbrill,bdumbrillim@wisc.edu,XQRs7Zaee
Duffie,Hann,dhannin@wiley.com,xRvY5rPt8m
Ailsun,Yoxen,ayoxenio@irs.gov,BMJ6UJdw
Bev,Brasse,bbrasseip@statcounter.com,hjwIn0Xbzc
Katuscha,Danielot,kdanielotiq@japanpost.jp,qiX1IR
Hazel,Poltun,hpoltunir@elegantthemes.com,FttrZHii
Anthea,Cannicott,acannicottis@redcross.org,tCfVvWc
Ansell,Maruska,amaruskait@examiner.com,8qQhjymtxAnN
Sigrid,Kleinstern,skleinsterniu@amazon.de,iuxb9eR
Lacy,Willcox,lwillcoxiv@ucoz.ru,ulBVzO6PeQSN
Benedetta,Le Blanc,bleblanciw@smh.com.au,zphndOV
Brittney,Cianni,bcianniix@latimes.com,u27aFG
Katie,Galler,kgalleriy@ovh.net,WbwveWPl7
Gates,Fried,gfriediz@creativecommons.org,bLxEJ20yN
Thia,Ivanchov,tivanchovj0@prlog.org,IfPowl4JWiRY
Hirsch,MacCahee,hmaccaheej1@hao123.com,E1tzKC
Georgiana,Egar,gegarj2@live.com,EwQheHiu
Daron,Zanicchelli,dzanicchellij3@amazon.co.uk,JZF4m3CgyU
Louisa,Pattle,lpattlej4@163.com,ZOwOrkitK3
Barnaby,Scarre,bscarrej5@oakley.com,RoznkW0
Kelwin,Truggian,ktruggianj6@salon.com,S3YWDOV
Jeannette,Andryushin,jandryushinj7@nps.gov,EvXW67
Korella,Shoesmith,kshoesmithj8@ameblo.jp,VV31KP
Anna-diana,Raffon,araffonj9@mlb.com,3TJgjt0Fl1t
Derron,Herrema,dherremaja@ft.com,lNhX6h
Marmaduke,Loudwell,mloudwelljb@epa.gov,OIq2FNdgpI6w
Zora,Bonefant,zbonefantjc@plala.or.jp,gEzb3mW236
Eada,Jobbins,ejobbinsjd@themeforest.net,R4OiwiloUq2b
Giffer,McClure,gmcclureje@squidoo.com,JKrL0Qk0g
Sinclair,McCrackem,smccrackemjf@smugmug.com,V0jwYCKLusT
Beckie,Stavers,bstaversjg@amazon.co.uk,3UYdSd0OlJHw
Mercie,Jouhandeau,mjouhandeaujh@slashdot.org,afA0IEUJ
Natalya,Greene,ngreeneji@dailymotion.com,VKfcFoZcH3xx
Aili,Klimkiewich,aklimkiewichjj@ebay.com,zYFVii
Ania,Mirams,amiramsjk@sina.com.cn,WTyLbz
Odette,Pulman,opulmanjl@usa.gov,h9rALlf1t
Dulcy,Rogez,drogezjm@craigslist.org,EYo8GSWra0
Den,Burgwyn,dburgwynjn@sohu.com,wFAJhHwi
Raymund,Airy,rairyjo@auda.org.au,UBJFSrp1
Jamal,Duddan,jduddanjp@craigslist.org,PkP4XeK
Igor,Meere,imeerejq@miibeian.gov.cn,MtHGoRZQj
Pennie,McGuffie,pmcguffiejr@mapquest.com,Kx2HrsX4wSE
Marietta,Revening,mreveningjs@woothemes.com,u5rHAmBq4YMI
Valentin,Elesander,velesanderjt@wikia.com,P0I5tmDF
Osmund,O'Sullivan,oosullivanju@ezinearticles.com,JZwpxcOvg57
Zorine,Olwen,zolwenjv@discovery.com,OHHpKuYUkXLv
Herbert,Dominick,hdominickjw@guardian.co.uk,9NnuTBIuyY6u
Caprice,McCaghan,cmccaghanjx@myspace.com,786zyM
Alina,Gorghetto,agorghettojy@chicagotribune.com,AtOK4Uu
Adolph,Simonnin,asimonninjz@baidu.com,5ufO6VVe
Waylin,Gredden,wgreddenk0@mac.com,boMMai
Cindie,Findley,cfindleyk1@prnewswire.com,8cReeD6
Efren,Pocklington,epocklingtonk2@friendfeed.com,FJddiJGz598q
Adore,Ricard,aricardk3@cbslocal.com,pxAdOJB2SJFv
Bonnibelle,Gori,bgorik4@feedburner.com,iaxx55q
Hank,Danieli,hdanielik5@redcross.org,tk4NDYBO4Wt
Rhodie,Quail,rquailk6@reverbnation.com,wPnUuWaDwOMc
Aubine,Hort,ahortk7@ocn.ne.jp,I7cKVhBlM
Reeta,Klesel,rkleselk8@github.com,aFr6jTeMt
Mitchel,Kershow,mkershowk9@51.la,t0KIVo6mpjm
Ermengarde,Bohlje,ebohljeka@senate.gov,VYCjMycHmR
Chrissie,Koschke,ckoschkekb@admin.ch,RAAK0NxS9bDg
Lyssa,Loudwell,lloudwellkc@marriott.com,Wn942lq3bm
Hakim,Brokenshire,hbrokenshirekd@telegraph.co.uk,1pAiQ5O
Kristian,Billinge,kbillingeke@nydailynews.com,vCdvg50KfdC
Emilee,Rawlin,erawlinkf@hugedomains.com,KlBiFj
Lesya,Vernall,lvernallkg@seesaa.net,7HPsGlDyauP
Bryn,Abrahart,babrahartkh@pen.io,CvSZxT
Alfy,Caplan,acaplanki@answers.com,jPVrfQY
Inglis,Trewhela,itrewhelakj@youtube.com,Ow4k3MU7z4R
Fransisco,Robertet,frobertetkk@toplist.cz,gvIl21tJmYFT
Blane,Engley,bengleykl@independent.co.uk,WSKE7t1LjHHz
Tatiania,Kyllford,tkyllfordkm@google.fr,3parRde4PGkk
Stefania,Bidnall,sbidnallkn@narod.ru,RDEISALtx
Dianna,MacVagh,dmacvaghko@admin.ch,KNOde7edp
Gayler,Rigmond,grigmondkp@whitehouse.gov,r8Kymxe
Stacee,Tollerfield,stollerfieldkq@scribd.com,MK5UWYoVD
Berky,Selbie,bselbiekr@sina.com.cn,PR9ooPy0bhX
Gelya,Geratasch,ggerataschks@soup.io,OuhL1i
Temple,Dyke,tdykekt@seattletimes.com,g4H8ujRhZV
Emera,Byfield,ebyfieldku@imageshack.us,y8khkp
Cassandry,Santen,csantenkv@tmall.com,6JnPJJVS
Karlee,Skill,kskillkw@tinyurl.com,X8HaHmlOR3Z
Benedetto,Popham,bpophamkx@tripod.com,39o3LBc
Katrina,Bozworth,kbozworthky@illinois.edu,IMC0wm
Nathalia,Lyptrade,nlyptradekz@census.gov,KNOqE3vi
Binnie,Westwood,bwestwoodl0@ocn.ne.jp,mwqdvw71S
Adelheid,Jardein,ajardeinl1@angelfire.com,Abz5rlO9G6
Gaile,Bleckly,gblecklyl2@ca.gov,pRG1gV6
Peggy,Vernon,pvernonl3@goo.gl,ZPUchz2xWrt
Michael,Jacmard,mjacmardl4@feedburner.com,mR4qxqHDosl
Sherilyn,Troker,strokerl5@slashdot.org,ieK2DyROdY
Laural,Liger,lligerl6@nhs.uk,maGNpcBxy
Doria,Livoir,dlivoirl7@discovery.com,ucx2IqRuDBBU
Hatty,Chazelle,hchazellel8@msn.com,9HbIn7
Kamilah,Duckett,kduckettl9@wiley.com,o2waLBm
Suzi,Putton,sputtonla@amazon.com,gzsaEV
Shawna,Higgan,shigganlb@paginegialle.it,dxxrSKt8
Domini,Megany,dmeganylc@alexa.com,0bGIad
Tommie,Rubinowitch,trubinowitchld@shinystat.com,8SZhoi2uqs6
Elia,Brunini,ebruninile@earthlink.net,5TI9IkGWxBE
Goddart,Witch,gwitchlf@google.com.br,3lHsOTyWm
Lolita,Jiggens,ljiggenslg@fema.gov,DOSRipB4cy
Annamarie,Elleton,aelletonlh@blogspot.com,bLTGgal4T6
Kippar,Maughan,kmaughanli@who.int,wMr4CMJVccw
Camile,Praton,cpratonlj@sina.com.cn,vGUcNHqOU
Arlyn,Klimke,aklimkelk@arstechnica.com,MubX5EKC
Gideon,Duffree,gduffreell@jimdo.com,NWDJ9QyWUk6P
Hildy,Sedgebeer,hsedgebeerlm@twitpic.com,swiM1nBW
Arlee,Gostridge,agostridgeln@hatena.ne.jp,NaqxOcsiu
Maressa,Millsom,mmillsomlo@last.fm,mauPEyHv
Cleopatra,Blakelock,cblakelocklp@mapquest.com,TXTrQW
Jackqueline,Menezes,jmenezeslq@washingtonpost.com,EsJ5VKEetfU
Whitman,Craigmyle,wcraigmylelr@free.fr,sjc0fYP4e
Karyl,Bergen,kbergenls@addtoany.com,aSFoBlh5
Ramona,Mingay,rmingaylt@theglobeandmail.com,445uJmVB0v
Smitty,Esslement,sesslementlu@unicef.org,cLSEeg
Cristine,Scutching,cscutchinglv@constantcontact.com,MVFYu5
Diego,Corder,dcorderlw@columbia.edu,emid5Sk
Simmonds,Gaylord,sgaylordlx@parallels.com,igkCJWNk5c
Lyndsey,Clac,lclacly@shareasale.com,JPC1Fjd
Drucy,Consadine,dconsadinelz@spotify.com,uwtFKWux
Archibaldo,Alleburton,aalleburtonm0@desdev.cn,cq0UYuG
Orlando,Offen,ooffenm1@addthis.com,I3GbRW0JJP
Hayward,Lowfill,hlowfillm2@marriott.com,FSH5WCVnJRc8
Betsey,Kemwall,bkemwallm3@gravatar.com,vUiE2FP1dD
Parnell,Caherny,pcahernym4@examiner.com,ALSdOQu
Herby,Kees,hkeesm5@imageshack.us,P5eO5mMuYN
Gus,Klicher,gklicherm6@google.ru,qTxT3hiG5
Garv,Riddles,griddlesm7@twitter.com,HTwc4aW9bo
Carla,O'Rudden,coruddenm8@goo.ne.jp,aF0B1Gue
Yves,Hickinbottom,yhickinbottomm9@adobe.com,F5Jx5ohvMoSW
Eugenius,Stittle,estittlema@nationalgeographic.com,sY9YzeGj
Donny,Georgescu,dgeorgescumb@shutterfly.com,a935V7GwFOgP
Joeann,Formoy,jformoymc@noaa.gov,ERrjVhF0
Elton,Gonsalvo,egonsalvomd@tamu.edu,DBnvmZjlcn
Nikaniki,Philipet,nphilipetme@ow.ly,tDBewQ4mgPM3
Farr,Kira,fkiramf@opensource.org,BsyVGC
Olia,Easby,oeasbymg@techcrunch.com,SrddpJJEF1
Ardyth,Gainsford,againsfordmh@devhub.com,t6ChLjS4
Elna,Raisbeck,eraisbeckmi@tmall.com,WTRH2eY
Kriste,Walesby,kwalesbymj@bravesites.com,UXb1nlP2Hpv
Consalve,Tuckwood,ctuckwoodmk@arizona.edu,vvBl766Z9wc
Pippy,Ashard,pashardml@tumblr.com,QodgdYrNF3
Ardys,Bedo,abedomm@blogspot.com,x3oSYpZqYHL
Reba,Rogerson,rrogersonmn@timesonline.co.uk,2o9LlStH
Jozef,Seabrook,jseabrookmo@whitehouse.gov,FJgq6z29EwLW
Amalita,Lapidus,alapidusmp@comcast.net,98buouY
Dori,Greenland,dgreenlandmq@yandex.ru,wMh4aI
Trev,Ginman,tginmanmr@xing.com,NniaVUKtE5
Gaston,Witherow,gwitherowms@cam.ac.uk,o9ipygptUC
Alasdair,Gergus,agergusmt@sun.com,aeGNpvenq
Marguerite,Fruchter,mfruchtermu@comsenz.com,a2U0LS
Vita,Sugar,vsugarmv@accuweather.com,5bkVQEhBFTk
Max,Carslaw,mcarslawmw@soundcloud.com,BrcVpP1
Monique,Cottier,mcottiermx@fda.gov,t5iXPMU17
Regan,Bridge,rbridgemy@taobao.com,o38u5Xd4t
Herb,Scamadin,hscamadinmz@slideshare.net,d2YXVNc9l4YV
Delia,Goodere,dgooderen0@xing.com,OSRwXy
Garrek,Draisey,gdraiseyn1@nytimes.com,EKT1TsbjF
Poppy,Bensen,pbensenn2@dmoz.org,0YWGlA
Astra,Matuszyk,amatuszykn3@mail.ru,Sm4xYs1cv
Ilysa,Edgeson,iedgesonn4@free.fr,4aD9ZUgIZY1q
Dorothea,Scrowston,dscrowstonn5@hhs.gov,YUpve9
Yehudi,Effaunt,yeffauntn6@toplist.cz,ahpbirmEV1Q
Desi,Lavrinov,dlavrinovn7@odnoklassniki.ru,RZnTSM
Joe,Spinola,jspinolan8@theatlantic.com,pt4OXzk78
Vilma,Halson,vhalsonn9@hao123.com,h7qeVmJ5MGE
Talya,Ixor,tixorna@usgs.gov,RRkPSDSgvRE
Timmie,Freezer,tfreezernb@apache.org,QHoSAHh1
Marsh,Bryer,mbryernc@dagondesign.com,Kot22OLWuRS
Jerrie,Smiley,jsmileynd@com.com,DeNVv4IttI
Tobe,Milillo,tmilillone@cpanel.net,iDauenW
Zonda,Bridgens,zbridgensnf@hexun.com,wSFdelx
Demetris,Shird,dshirdng@slashdot.org,NmrEe9rg8ukG
Roxine,Demangel,rdemangelnh@mysql.com,FgFW2aet05dl
Katrine,Davidavidovics,kdavidavidovicsni@answers.com,wwYyfgW6
Ardath,Midlane,amidlanenj@tinypic.com,IsgJx9bBfOR
Hugibert,Ben,hbennk@cmu.edu,kePaONIBL
Franciska,Caisley,fcaisleynl@timesonline.co.uk,ev49TO
Adiana,Siaspinski,asiaspinskinm@constantcontact.com,9upqoDevF
Millard,Hubble,mhubblenn@ycombinator.com,2GPfCxdY
Cecil,Allpress,callpressno@auda.org.au,xJwgNbGXsn
Marlow,Swindall,mswindallnp@opensource.org,n7A12bookH5
Sonni,Attack,sattacknq@epa.gov,lL5SooXkaL4C
Heriberto,Pauncefort,hpauncefortnr@lulu.com,ahX3KV3dch
Pepi,Langcastle,plangcastlens@wikispaces.com,RvwMa65DA
Loralyn,Burgise,lburgisent@gravatar.com,6zZpOAYa
Ransom,Philippet,rphilippetnu@xrea.com,6Fy6g7
Chantalle,Zoane,czoanenv@hatena.ne.jp,emuuCxIoZ
Natividad,Holwell,nholwellnw@theglobeandmail.com,KbIl7BC
Lay,Townend,ltownendnx@xinhuanet.com,nJu4rC
Giovanni,Ickov,gickovny@comsenz.com,pPbHIorTNP0
Callida,Tomaselli,ctomasellinz@is.gd,kgUL3Vn
Rosmunda,Rikel,rrikelo0@msu.edu,P96pF1AvLSuc
Ricard,Agronski,ragronskio1@state.gov,MwIh9P
Lorianna,Attridge,lattridgeo2@jigsy.com,bYoiu2pYI64H
Andie,Enterle,aenterleo3@gizmodo.com,ZHNokaL
Stevana,Cockitt,scockitto4@mail.ru,J8CPUV
Murielle,Tregidgo,mtregidgoo5@slashdot.org,PsTMXS
Kathryn,Spellman,kspellmano6@bigcartel.com,WMdW4E
Clay,Ferroli,cferrolio7@ehow.com,BL3wpKU
Janey,Pagram,jpagramo8@ucoz.ru,T6UZRReee1ZF
Maurits,Beeson,mbeesono9@geocities.com,wqe9UAMmgyl
Ambur,Benes,abenesoa@chron.com,nztOcBeFJR
Erna,Ryhorovich,eryhorovichob@nps.gov,EDGqrzqC
Darren,Roscam,droscamoc@state.gov,dF8UYx9Gf
Levon,Pasfield,lpasfieldod@dagondesign.com,0dk0mhw8rU
Berton,Grady,bgradyoe@sina.com.cn,49qdGTFCTci2
Broderic,Veltman,bveltmanof@bluehost.com,CRqNH9y6R8A
Gaylor,Flooks,gflooksog@icio.us,LtX1KEkYA
Eileen,Nottle,enottleoh@yandex.ru,hh7f8q
Norby,Pietesch,npieteschoi@domainmarket.com,IwABWMMDgzl
Annmarie,Gooda,agoodaoj@usatoday.com,sreRtHYM3
Sanford,Droogan,sdrooganok@meetup.com,0kVAbf
Cullie,Hendrix,chendrixol@ow.ly,tSpS1peYpv
Pembroke,Doick,pdoickom@lycos.com,7NKDNzsMgw
Tirrell,Olifaunt,tolifaunton@cpanel.net,pEVjOL
Christiana,Gathwaite,cgathwaiteoo@skype.com,gfQZsykGxP
Sharleen,Lapsley,slapsleyop@scribd.com,0MBBEO0Xf7F5
Zorana,Josefsson,zjosefssonoq@harvard.edu,zgDSVfA
Sula,Sheasby,ssheasbyor@youtu.be,ejVIJy
Antonie,Alwell,aalwellos@nationalgeographic.com,s1xtoP
Josy,Giacobelli,jgiacobelliot@cam.ac.uk,SVJqLxOkV
Joline,Northcliffe,jnorthcliffeou@state.tx.us,t7FyOcLHdGYE
Marmaduke,Smoote,msmooteov@tripadvisor.com,pXVnXtM14
Hill,Galey,hgaleyow@wix.com,ex7BLRc
Berky,De L'Isle,bdelisleox@fotki.com,ywHE9JDkxP7t
Ruttger,Woolpert,rwoolpertoy@parallels.com,F5NnmoQUmsk
Damian,Munt,dmuntoz@g.co,4H7bZq3vrdW
Teador,Rubinowicz,trubinowiczp0@studiopress.com,1vsFtyUgAB
Yankee,Danielli,ydaniellip1@sfgate.com,uFjFYN2
Tarah,Ivshin,tivshinp2@globo.com,M1hEdR7uWl2
Cecilio,Guye,cguyep3@nih.gov,AaQq6mmS1rg
Cindi,Lean,cleanp4@goo.gl,lpiv3CWDaBK
Karen,Peirce,kpeircep5@netvibes.com,OQ6JcK
Bernelle,Oventon,boventonp6@sogou.com,ZD5pgle
Terrence,Breslin,tbreslinp7@51.la,kG2aTxqYBZ
Norri,Schimmang,nschimmangp8@timesonline.co.uk,s0qMcjwI
Alikee,Dufty,aduftyp9@liveinternet.ru,HIJccOEogu
Elora,Sondland,esondlandpa@usgs.gov,4hXLJrG
Udall,Creeghan,ucreeghanpb@sakura.ne.jp,VHwx7HwkOBxW
Dorolisa,Vickerstaff,dvickerstaffpc@mysql.com,G2MdeRmjMn
Lorant,Dunckley,ldunckleypd@tinypic.com,cFnkuS67
Danie,Borg,dborgpe@discovery.com,vSfssm
Artemis,Iiannone,aiiannonepf@webeden.co.uk,lKkLFK
Garrot,Tiffney,gtiffneypg@ning.com,2GuBz94TuhIk
Orella,Cameron,ocameronph@google.pl,kbsRLW
Graeme,Barras,gbarraspi@scientificamerican.com,3RduTnvo82
Ellwood,Krollman,ekrollmanpj@time.com,OdsP1dYhgQ
Damon,Purtell,dpurtellpk@netscape.com,F1os4ZsO
Antony,Cattermull,acattermullpl@imageshack.us,8AP9XOF
Euphemia,Duggan,edugganpm@plala.or.jp,ZFAhzkdh
Lu,Player,lplayerpn@altervista.org,YBcPqWY
Christie,Milligan,cmilliganpo@squidoo.com,YY6dBHSAW0
Wandie,Chandlar,wchandlarpp@unc.edu,bxg5h4Fz2
Lauri,Apfelmann,lapfelmannpq@studiopress.com,qJWQ3QhmB
Kellsie,Gallaher,kgallaherpr@jiathis.com,8jiw3D
Buddy,Nelsey,bnelseyps@etsy.com,72Cvg9
Giselbert,Esslemont,gesslemontpt@symantec.com,GPKf7KYia
Mel,Tomaszewicz,mtomaszewiczpu@yahoo.co.jp,4ZZ6PWQeTQJ
Albina,Worsam,aworsampv@npr.org,yI68Sn
Bartel,Ablewhite,bablewhitepw@4shared.com,GLJtObBe0h
Ollie,Toolan,otoolanpx@apache.org,t1G7eTTkf0y
Richy,Stebbins,rstebbinspy@census.gov,9GbjDGp
Esteban,Crannell,ecrannellpz@cmu.edu,H3VLcQYX
Clarita,Borrow,cborrowq0@php.net,oCCblM
Jourdain,Jodrelle,jjodrelleq1@cdc.gov,T9ScrHDGR
Thane,Tabourin,ttabourinq2@sourceforge.net,oEiXFe1
Morgun,Quinion,mquinionq3@nymag.com,xjb2N4L
Donelle,McCorkindale,dmccorkindaleq4@storify.com,evV1pfLH3BU
Brandyn,Tellenbach,btellenbachq5@msu.edu,9Lpd2K
Charlotta,Waring,cwaringq6@baidu.com,QIMwGvmH
Meade,Ebbers,mebbersq7@people.com.cn,j6WdxDePi
Ainslie,Timeby,atimebyq8@gizmodo.com,ccqUhrSMUAWa
Roxana,Calf,rcalfq9@nature.com,lPt01mlTXEn
Jackquelin,Fairbrace,jfairbraceqa@google.com.hk,G0etioLZ99f
Fredelia,Mackie,fmackieqb@businessinsider.com,WthyZ1
Josh,Betjeman,jbetjemanqc@dailymotion.com,EtBFjF
Edy,McKerton,emckertonqd@joomla.org,r1ggL7yj
Colman,Dunn,cdunnqe@naver.com,i8AinAPthq
Manon,McNaught,mmcnaughtqf@si.edu,7KnJOXAhg
Zachary,Bradwell,zbradwellqg@moonfruit.com,9czWKd33J
Courtney,Crier,ccrierqh@e-recht24.de,3klU7ZkYj
Alverta,Loude,aloudeqi@wordpress.com,h1oYzjE
Mic,O' Gara,mogaraqj@xrea.com,2XOlu0qKKIsn
Ingrid,Akerman,iakermanqk@arizona.edu,LaK0ZtBKxo
Elisabetta,Hunnaball,ehunnaballql@home.pl,7BHJ8y
Shannon,Wethers,swethersqm@miibeian.gov.cn,mDkCzrgii
Jeremy,Kaminski,jkaminskiqn@joomla.org,LMsGlWug
Othello,Fraczek,ofraczekqo@webs.com,2ENvsKNVXiX3
Griselda,McGrudder,gmcgrudderqp@netscape.com,6gnhWU86xu
Else,Clowsley,eclowsleyqq@un.org,gzAn37Ev
Marybeth,Le Noir,mlenoirqr@g.co,E1YNEgSu8iqj
Ivan,Du Plantier,iduplantierqs@flavors.me,yzYlVrl2ywz
Janean,Dionis,jdionisqt@telegraph.co.uk,8ni488
Elna,Ruffle,erufflequ@topsy.com,eHmAYeVa3ru
Creight,Derrington,cderringtonqv@barnesandnoble.com,t6ZjaFy
Kimmy,Burhouse,kburhouseqw@php.net,jz1wIzYCTEo9
Jamil,Lewis,jlewisqx@cdc.gov,JKVCZ9jwk
Clo,Daykin,cdaykinqy@newsvine.com,Sz1SCZpJk
Brenden,Leisman,bleismanqz@bloglovin.com,cYPT21Vc
Grissel,Joules,gjoulesr0@mac.com,DOsaf5
Elyssa,Berthel,eberthelr1@buzzfeed.com,kKcrJNK
Sax,MacPeice,smacpeicer2@edublogs.org,9la8Kf
Mollee,Riggert,mriggertr3@networksolutions.com,QaZNCS
Dwight,Gyngyll,dgyngyllr4@blogtalkradio.com,Dn4Pnva
Eudora,Androsik,eandrosikr5@webs.com,ZSDehx
Raimund,Senechell,rsenechellr6@fc2.com,P5zxSInVjq
Rick,Bellocht,rbellochtr7@shop-pro.jp,FZRCV3
Addia,Bettanay,abettanayr8@europa.eu,A44zTI32V9
Nissa,Kirkwood,nkirkwoodr9@vk.com,mEoxISmBV
Flossy,Llop,fllopra@redcross.org,0s8CnncBH
Dorothea,Grigoletti,dgrigolettirb@washington.edu,JbF8YFVwu9
Bambi,Owtram,bowtramrc@home.pl,KE5ar9A
Andres,Ingold,aingoldrd@nba.com,WH7Wdw
Nicolea,Cragell,ncragellre@123-reg.co.uk,LapNVFLHefMw
Hodge,Stobbart,hstobbartrf@tuttocitta.it,Nsu3wmqvKb1
Trix,Aloshkin,taloshkinrg@techcrunch.com,ozenNEli
Garrik,Huban,ghubanrh@blinklist.com,99KUrztG
Arnaldo,Plaskitt,aplaskittri@redcross.org,XB45GMQ8Rln
Shandeigh,Lamperti,slampertirj@sogou.com,QYFTciP
Sonnnie,Angerstein,sangersteinrk@noaa.gov,EmLFJ9Xcjn
Thane,Andrews,tandrewsrl@oracle.com,PF2nN7h01sD
Agustin,Cajkler,acajklerrm@addthis.com,fXeALHLD
Garold,Ravenshear,gravenshearrn@surveymonkey.com,af86tBouwdIv
Germana,Struther,gstrutherro@artisteer.com,BDnyyLWLk3L
Giselle,Greiser,ggreiserrp@miitbeian.gov.cn,dBjOV3XCgk
Delora,Tarbet,dtarbetrq@bloglovin.com,aMHYEPP2a
Joyann,Emeney,jemeneyrr@sina.com.cn,810YZM
